intervention,score,model_state,allocation,requested_ratio,requested_count,eligible_count,eligible_tensor_count,pruned_count,actual_ratio,seed,accuracy,nll,ece,examples,baseline_accuracy,baseline_nll,baseline_ece,accuracy_drop,nll_change,ece_change,provenance_id,artifact_path
pretrain_high,u_positive,unfinetuned,global,0.001,123568,123568128,49,123568,0.000999998964134182,1234,0.5091743119266054,0.9900080014806275,0.3238437873119281,872.0,0.4908256880733945,1.1130387739304008,0.37439142467262804,-0.018348623853210955,-0.12303077244977334,-0.05054763736069995,a65d3536046adfedc65ec805ce944efbf7a25222e8d70b26a101eb94f9543794,/home/sophgo13/cjl/storage/parameter-importance/runs/stage-b-sst2-reuse-intervention-seed1234
pretrain_high,u_positive,finetuned,global,0.001,123568,123568128,49,123568,0.000999998964134182,1234,0.5642201834862385,1.8155109969847794,0.3791763171608623,872.0,0.8279816513761468,0.5121670800064682,0.10538461393936016,0.2637614678899083,1.3033439169783112,0.27379170322150215,a65d3536046adfedc65ec805ce944efbf7a25222e8d70b26a101eb94f9543794,/home/sophgo13/cjl/storage/parameter-importance/runs/stage-b-sst2-reuse-intervention-seed1234
finetune_high,u_positive,finetuned,global,0.001,123568,123568128,49,123568,0.000999998964134182,1234,0.4908256880733945,0.6931471824645996,0.009174317121505737,872.0,0.8279816513761468,0.5121670800064682,0.10538461393936016,0.33715596330275227,0.18098010245813145,-0.09621029681785442,a65d3536046adfedc65ec805ce944efbf7a25222e8d70b26a101eb94f9543794,/home/sophgo13/cjl/storage/parameter-importance/runs/stage-b-sst2-reuse-intervention-seed1234
topk_intersection,u_positive,finetuned,global,0.001,123568,123568128,49,2623,2.1227156569046673e-05,1234,0.5653669724770642,1.797332558063192,0.3766565803583992,872.0,0.8279816513761468,0.5121670800064682,0.10538461393936016,0.2626146788990825,1.2851654780567239,0.27127196641903906,a65d3536046adfedc65ec805ce944efbf7a25222e8d70b26a101eb94f9543794,/home/sophgo13/cjl/storage/parameter-importance/runs/stage-b-sst2-reuse-intervention-seed1234
pretrain_only,u_positive,finetuned,global,0.001,123568,123568128,49,120945,0.0009787718075651352,1234,0.8314220183486238,0.5123601060941678,0.09966823305533884,872.0,0.8279816513761468,0.5121670800064682,0.10538461393936016,-0.0034403669724770714,0.0001930260876996659,-0.0057163808840213215,a65d3536046adfedc65ec805ce944efbf7a25222e8d70b26a101eb94f9543794,/home/sophgo13/cjl/storage/parameter-importance/runs/stage-b-sst2-reuse-intervention-seed1234
pretrain_high,u_positive,unfinetuned,global,0.005,617840,123568128,49,617840,0.0049999948206709095,1234,0.5091743119266054,1.4344321697130116,0.4344420813159455,872.0,0.4908256880733945,1.1130387739304008,0.37439142467262804,-0.018348623853210955,0.3213933957826107,0.06005065664331749,a65d3536046adfedc65ec805ce944efbf7a25222e8d70b26a101eb94f9543794,/home/sophgo13/cjl/storage/parameter-importance/runs/stage-b-sst2-reuse-intervention-seed1234
pretrain_high,u_positive,finetuned,global,0.005,617840,123568128,49,617840,0.0049999948206709095,1234,0.5103211009174312,1.977970622001438,0.462193326084815,872.0,0.8279816513761468,0.5121670800064682,0.10538461393936016,0.31766055045871555,1.4658035419949698,0.35680871214545484,a65d3536046adfedc65ec805ce944efbf7a25222e8d70b26a101eb94f9543794,/home/sophgo13/cjl/storage/parameter-importance/runs/stage-b-sst2-reuse-intervention-seed1234
finetune_high,u_positive,finetuned,global,0.005,617840,123568128,49,617840,0.0049999948206709095,1234,0.4908256880733945,0.6931471824645996,0.009174317121505737,872.0,0.8279816513761468,0.5121670800064682,0.10538461393936016,0.33715596330275227,0.18098010245813145,-0.09621029681785442,a65d3536046adfedc65ec805ce944efbf7a25222e8d70b26a101eb94f9543794,/home/sophgo13/cjl/storage/parameter-importance/runs/stage-b-sst2-reuse-intervention-seed1234
topk_intersection,u_positive,finetuned,global,0.005,617840,123568128,49,67621,0.0005472365819121255,1234,0.5091743119266054,2.0577644426888284,0.46957566218729874,872.0,0.8279816513761468,0.5121670800064682,0.10538461393936016,0.3188073394495413,1.5455973626823603,0.3641910482479386,a65d3536046adfedc65ec805ce944efbf7a25222e8d70b26a101eb94f9543794,/home/sophgo13/cjl/storage/parameter-importance/runs/stage-b-sst2-reuse-intervention-seed1234
pretrain_only,u_positive,finetuned,global,0.005,617840,123568128,49,550219,0.004452758238758784,1234,0.8371559633027523,0.5355159850842363,0.10338169987468226,872.0,0.8279816513761468,0.5121670800064682,0.10538461393936016,-0.00917431192660556,0.0233489050777681,-0.0020029140646778965,a65d3536046adfedc65ec805ce944efbf7a25222e8d70b26a101eb94f9543794,/home/sophgo13/cjl/storage/parameter-importance/runs/stage-b-sst2-reuse-intervention-seed1234
pretrain_high,u_positive,unfinetuned,global,0.01,1235681,123568128,49,1235681,0.009999997734043522,1234,0.5091743119266054,0.7313437368891654,0.14439341714839482,872.0,0.4908256880733945,1.1130387739304008,0.37439142467262804,-0.018348623853210955,-0.3816950370412354,-0.22999800752423322,a65d3536046adfedc65ec805ce944efbf7a25222e8d70b26a101eb94f9543794,/home/sophgo13/cjl/storage/parameter-importance/runs/stage-b-sst2-reuse-intervention-seed1234
pretrain_high,u_positive,finetuned,global,0.01,1235681,123568128,49,1235681,0.009999997734043522,1234,0.5091743119266054,1.640715242525853,0.45520440227007286,872.0,0.8279816513761468,0.5121670800064682,0.10538461393936016,0.3188073394495413,1.128548162519385,0.3498197883307127,a65d3536046adfedc65ec805ce944efbf7a25222e8d70b26a101eb94f9543794,/home/sophgo13/cjl/storage/parameter-importance/runs/stage-b-sst2-reuse-intervention-seed1234
finetune_high,u_positive,finetuned,global,0.01,1235681,123568128,49,1235681,0.009999997734043522,1234,0.4908256880733945,0.6931471824645996,0.009174317121505737,872.0,0.8279816513761468,0.5121670800064682,0.10538461393936016,0.33715596330275227,0.18098010245813145,-0.09621029681785442,a65d3536046adfedc65ec805ce944efbf7a25222e8d70b26a101eb94f9543794,/home/sophgo13/cjl/storage/parameter-importance/runs/stage-b-sst2-reuse-intervention-seed1234
topk_intersection,u_positive,finetuned,global,0.01,1235681,123568128,49,181222,0.0014665755881646115,1234,0.5091743119266054,1.7602179728516745,0.4646877859260059,872.0,0.8279816513761468,0.5121670800064682,0.10538461393936016,0.3188073394495413,1.2480508928452063,0.35930317198664574,a65d3536046adfedc65ec805ce944efbf7a25222e8d70b26a101eb94f9543794,/home/sophgo13/cjl/storage/parameter-importance/runs/stage-b-sst2-reuse-intervention-seed1234
pretrain_only,u_positive,finetuned,global,0.01,1235681,123568128,49,1054459,0.008533422145878912,1234,0.841743119266055,0.5411578332065442,0.1075267652362073,872.0,0.8279816513761468,0.5121670800064682,0.10538461393936016,-0.013761467889908285,0.028990753200076047,0.002142151296847139,a65d3536046adfedc65ec805ce944efbf7a25222e8d70b26a101eb94f9543794,/home/sophgo13/cjl/storage/parameter-importance/runs/stage-b-sst2-reuse-intervention-seed1234
pretrain_high,u_positive,unfinetuned,global,0.05,6178406,123568128,49,6178406,0.049999996762919316,1234,0.5229357798165137,0.6915167832593305,0.01017296314239502,872.0,0.4908256880733945,1.1130387739304008,0.37439142467262804,-0.03211009174311924,-0.4215219906710703,-0.364218461530233,a65d3536046adfedc65ec805ce944efbf7a25222e8d70b26a101eb94f9543794,/home/sophgo13/cjl/storage/parameter-importance/runs/stage-b-sst2-reuse-intervention-seed1234
pretrain_high,u_positive,finetuned,global,0.05,6178406,123568128,49,6178406,0.049999996762919316,1234,0.5298165137614679,0.6578492833933699,0.2539493546769265,872.0,0.8279816513761468,0.5121670800064682,0.10538461393936016,0.2981651376146789,0.14568220338690174,0.14856474073756631,a65d3536046adfedc65ec805ce944efbf7a25222e8d70b26a101eb94f9543794,/home/sophgo13/cjl/storage/parameter-importance/runs/stage-b-sst2-reuse-intervention-seed1234
finetune_high,u_positive,finetuned,global,0.05,6178406,123568128,49,6178406,0.049999996762919316,1234,0.4908256880733945,0.6931471824645996,0.009174317121505737,872.0,0.8279816513761468,0.5121670800064682,0.10538461393936016,0.33715596330275227,0.18098010245813145,-0.09621029681785442,a65d3536046adfedc65ec805ce944efbf7a25222e8d70b26a101eb94f9543794,/home/sophgo13/cjl/storage/parameter-importance/runs/stage-b-sst2-reuse-intervention-seed1234
topk_intersection,u_positive,finetuned,global,0.05,6178406,123568128,49,1910140,0.015458193232481437,1234,0.518348623853211,0.6584784054974897,0.2914567338386558,872.0,0.8279816513761468,0.5121670800064682,0.10538461393936016,0.30963302752293576,0.14631132549102155,0.18607211989929562,a65d3536046adfedc65ec805ce944efbf7a25222e8d70b26a101eb94f9543794,/home/sophgo13/cjl/storage/parameter-importance/runs/stage-b-sst2-reuse-intervention-seed1234
pretrain_only,u_positive,finetuned,global,0.05,6178406,123568128,49,4268266,0.034541803530437884,1234,0.8348623853211009,0.5428906616267808,0.11045275895069584,872.0,0.8279816513761468,0.5121670800064682,0.10538461393936016,-0.006880733944954143,0.030723581620312634,0.0050681450113356785,a65d3536046adfedc65ec805ce944efbf7a25222e8d70b26a101eb94f9543794,/home/sophgo13/cjl/storage/parameter-importance/runs/stage-b-sst2-reuse-intervention-seed1234
pretrain_high,u_positive,unfinetuned,global,0.1,12356812,123568128,49,12356812,0.09999999352583863,1234,0.4873853211009174,0.6932384989677219,0.018465101718902588,872.0,0.4908256880733945,1.1130387739304008,0.37439142467262804,0.0034403669724770714,-0.4198002749626789,-0.35592632295372545,a65d3536046adfedc65ec805ce944efbf7a25222e8d70b26a101eb94f9543794,/home/sophgo13/cjl/storage/parameter-importance/runs/stage-b-sst2-reuse-intervention-seed1234
pretrain_high,u_positive,finetuned,global,0.1,12356812,123568128,49,12356812,0.09999999352583863,1234,0.6295871559633027,0.6923753695750455,0.12864530086517334,872.0,0.8279816513761468,0.5121670800064682,0.10538461393936016,0.19839449541284404,0.18020828956857737,0.02326068692581318,a65d3536046adfedc65ec805ce944efbf7a25222e8d70b26a101eb94f9543794,/home/sophgo13/cjl/storage/parameter-importance/runs/stage-b-sst2-reuse-intervention-seed1234
finetune_high,u_positive,finetuned,global,0.1,12356812,123568128,49,12356812,0.09999999352583863,1234,0.4908256880733945,0.6931471824645996,0.009174317121505737,872.0,0.8279816513761468,0.5121670800064682,0.10538461393936016,0.33715596330275227,0.18098010245813145,-0.09621029681785442,a65d3536046adfedc65ec805ce944efbf7a25222e8d70b26a101eb94f9543794,/home/sophgo13/cjl/storage/parameter-importance/runs/stage-b-sst2-reuse-intervention-seed1234
topk_intersection,u_positive,finetuned,global,0.1,12356812,123568128,49,5242309,0.04242444297610465,1234,0.536697247706422,0.6929667510023905,0.03588902950286865,872.0,0.8279816513761468,0.5121670800064682,0.10538461393936016,0.29128440366972475,0.1807996709959223,-0.06949558443649151,a65d3536046adfedc65ec805ce944efbf7a25222e8d70b26a101eb94f9543794,/home/sophgo13/cjl/storage/parameter-importance/runs/stage-b-sst2-reuse-intervention-seed1234
pretrain_only,u_positive,finetuned,global,0.1,12356812,123568128,49,7114503,0.05757555054973399,1234,0.8314220183486238,0.5707451367596967,0.11603931692945713,872.0,0.8279816513761468,0.5121670800064682,0.10538461393936016,-0.0034403669724770714,0.05857805675322858,0.010654702990096965,a65d3536046adfedc65ec805ce944efbf7a25222e8d70b26a101eb94f9543794,/home/sophgo13/cjl/storage/parameter-importance/runs/stage-b-sst2-reuse-intervention-seed1234
pretrain_high,u_positive,unfinetuned,global,0.2,24713625,123568128,49,24713625,0.19999999514437897,1234,0.4908256880733945,0.6931471824645996,0.009174317121505737,872.0,0.4908256880733945,1.1130387739304008,0.37439142467262804,0.0,-0.41989159146580124,-0.3652171075511223,a65d3536046adfedc65ec805ce944efbf7a25222e8d70b26a101eb94f9543794,/home/sophgo13/cjl/storage/parameter-importance/runs/stage-b-sst2-reuse-intervention-seed1234
pretrain_high,u_positive,finetuned,global,0.2,24713625,123568128,49,24713625,0.19999999514437897,1234,0.4908256880733945,0.6931471824645996,0.009174317121505737,872.0,0.8279816513761468,0.5121670800064682,0.10538461393936016,0.33715596330275227,0.18098010245813145,-0.09621029681785442,a65d3536046adfedc65ec805ce944efbf7a25222e8d70b26a101eb94f9543794,/home/sophgo13/cjl/storage/parameter-importance/runs/stage-b-sst2-reuse-intervention-seed1234
finetune_high,u_positive,finetuned,global,0.2,24713625,123568128,49,24713625,0.19999999514437897,1234,0.4908256880733945,0.6931471824645996,0.009174317121505737,872.0,0.8279816513761468,0.5121670800064682,0.10538461393936016,0.33715596330275227,0.18098010245813145,-0.09621029681785442,a65d3536046adfedc65ec805ce944efbf7a25222e8d70b26a101eb94f9543794,/home/sophgo13/cjl/storage/parameter-importance/runs/stage-b-sst2-reuse-intervention-seed1234
topk_intersection,u_positive,finetuned,global,0.2,24713625,123568128,49,13442267,0.1087842570537283,1234,0.4908256880733945,0.6931471824645996,0.009174317121505737,872.0,0.8279816513761468,0.5121670800064682,0.10538461393936016,0.33715596330275227,0.18098010245813145,-0.09621029681785442,a65d3536046adfedc65ec805ce944efbf7a25222e8d70b26a101eb94f9543794,/home/sophgo13/cjl/storage/parameter-importance/runs/stage-b-sst2-reuse-intervention-seed1234
pretrain_only,u_positive,finetuned,global,0.2,24713625,123568128,49,11271358,0.09121573809065069,1234,0.8302752293577982,0.567943437657225,0.11009345392537218,872.0,0.8279816513761468,0.5121670800064682,0.10538461393936016,-0.002293577981651418,0.055776357650756836,0.0047088399860120145,a65d3536046adfedc65ec805ce944efbf7a25222e8d70b26a101eb94f9543794,/home/sophgo13/cjl/storage/parameter-importance/runs/stage-b-sst2-reuse-intervention-seed1234
pretrain_high,u_positive,unfinetuned,layer_balanced,0.001,123557,123568128,49,123557,0.0009999099444154402,1234,0.4908256880733945,1.057143713356158,0.35519246420291845,872.0,0.4908256880733945,1.1130387739304008,0.37439142467262804,0.0,-0.05589506057424276,-0.01919896046970959,a65d3536046adfedc65ec805ce944efbf7a25222e8d70b26a101eb94f9543794,/home/sophgo13/cjl/storage/parameter-importance/runs/stage-b-sst2-reuse-intervention-seed1234
pretrain_high,u_positive,finetuned,layer_balanced,0.001,123557,123568128,49,123557,0.0009999099444154402,1234,0.8325688073394495,0.5154022771284121,0.0997001481814106,872.0,0.8279816513761468,0.5121670800064682,0.10538461393936016,-0.004587155963302725,0.003235197121943978,-0.005684465757949564,a65d3536046adfedc65ec805ce944efbf7a25222e8d70b26a101eb94f9543794,/home/sophgo13/cjl/storage/parameter-importance/runs/stage-b-sst2-reuse-intervention-seed1234
finetune_high,u_positive,finetuned,layer_balanced,0.001,123557,123568128,49,123557,0.0009999099444154402,1234,0.4908256880733945,0.6931471824645996,0.009174317121505737,872.0,0.8279816513761468,0.5121670800064682,0.10538461393936016,0.33715596330275227,0.18098010245813145,-0.09621029681785442,a65d3536046adfedc65ec805ce944efbf7a25222e8d70b26a101eb94f9543794,/home/sophgo13/cjl/storage/parameter-importance/runs/stage-b-sst2-reuse-intervention-seed1234
topk_intersection,u_positive,finetuned,layer_balanced,0.001,123557,123568128,49,8615,6.971862517816892e-05,1234,0.8279816513761468,0.511738364302784,0.10646796830401217,872.0,0.8279816513761468,0.5121670800064682,0.10538461393936016,0.0,-0.00042871570368419043,0.0010833543646520116,a65d3536046adfedc65ec805ce944efbf7a25222e8d70b26a101eb94f9543794,/home/sophgo13/cjl/storage/parameter-importance/runs/stage-b-sst2-reuse-intervention-seed1234
pretrain_only,u_positive,finetuned,layer_balanced,0.001,123557,123568128,49,114942,0.0009301913192372713,1234,0.8337155963302753,0.5158654265447494,0.1006571545015924,872.0,0.8279816513761468,0.5121670800064682,0.10538461393936016,-0.005733944954128489,0.003698346538281272,-0.004727459437767756,a65d3536046adfedc65ec805ce944efbf7a25222e8d70b26a101eb94f9543794,/home/sophgo13/cjl/storage/parameter-importance/runs/stage-b-sst2-reuse-intervention-seed1234
pretrain_high,u_positive,unfinetuned,layer_balanced,0.005,617835,123568128,49,617835,0.004999954357162391,1234,0.5091743119266054,1.139290345918148,0.37912892792987307,872.0,0.4908256880733945,1.1130387739304008,0.37439142467262804,-0.018348623853210955,0.02625157198774719,0.004737503257245035,a65d3536046adfedc65ec805ce944efbf7a25222e8d70b26a101eb94f9543794,/home/sophgo13/cjl/storage/parameter-importance/runs/stage-b-sst2-reuse-intervention-seed1234
pretrain_high,u_positive,finetuned,layer_balanced,0.005,617835,123568128,49,617835,0.004999954357162391,1234,0.5091743119266054,2.0457524553351445,0.476283662244934,872.0,0.8279816513761468,0.5121670800064682,0.10538461393936016,0.3188073394495413,1.5335853753286763,0.37089904830557385,a65d3536046adfedc65ec805ce944efbf7a25222e8d70b26a101eb94f9543794,/home/sophgo13/cjl/storage/parameter-importance/runs/stage-b-sst2-reuse-intervention-seed1234
finetune_high,u_positive,finetuned,layer_balanced,0.005,617835,123568128,49,617835,0.004999954357162391,1234,0.4908256880733945,0.6931471824645996,0.009174317121505737,872.0,0.8279816513761468,0.5121670800064682,0.10538461393936016,0.33715596330275227,0.18098010245813145,-0.09621029681785442,a65d3536046adfedc65ec805ce944efbf7a25222e8d70b26a101eb94f9543794,/home/sophgo13/cjl/storage/parameter-importance/runs/stage-b-sst2-reuse-intervention-seed1234
topk_intersection,u_positive,finetuned,layer_balanced,0.005,617835,123568128,49,75788,0.0006133296767269955,1234,0.5091743119266054,2.055694934425004,0.47690842993591603,872.0,0.8279816513761468,0.5121670800064682,0.10538461393936016,0.3188073394495413,1.5435278544185358,0.3715238159965559,a65d3536046adfedc65ec805ce944efbf7a25222e8d70b26a101eb94f9543794,/home/sophgo13/cjl/storage/parameter-importance/runs/stage-b-sst2-reuse-intervention-seed1234
pretrain_only,u_positive,finetuned,layer_balanced,0.005,617835,123568128,49,542047,0.004386624680435395,1234,0.8314220183486238,0.5292971465018911,0.1079781860420519,872.0,0.8279816513761468,0.5121670800064682,0.10538461393936016,-0.0034403669724770714,0.017130066495422924,0.0025935721026917324,a65d3536046adfedc65ec805ce944efbf7a25222e8d70b26a101eb94f9543794,/home/sophgo13/cjl/storage/parameter-importance/runs/stage-b-sst2-reuse-intervention-seed1234
pretrain_high,u_positive,unfinetuned,layer_balanced,0.01,1235670,123568128,49,1235670,0.009999908714324782,1234,0.4908256880733945,0.6933401943346776,0.030495554208755493,872.0,0.4908256880733945,1.1130387739304008,0.37439142467262804,0.0,-0.4196985795957232,-0.34389587046387254,a65d3536046adfedc65ec805ce944efbf7a25222e8d70b26a101eb94f9543794,/home/sophgo13/cjl/storage/parameter-importance/runs/stage-b-sst2-reuse-intervention-seed1234
pretrain_high,u_positive,finetuned,layer_balanced,0.01,1235670,123568128,49,1235670,0.009999908714324782,1234,0.7740825688073395,0.6735111294536416,0.2604600191116333,872.0,0.8279816513761468,0.5121670800064682,0.10538461393936016,0.053899082568807266,0.1613440494471734,0.15507540517227314,a65d3536046adfedc65ec805ce944efbf7a25222e8d70b26a101eb94f9543794,/home/sophgo13/cjl/storage/parameter-importance/runs/stage-b-sst2-reuse-intervention-seed1234
finetune_high,u_positive,finetuned,layer_balanced,0.01,1235670,123568128,49,1235670,0.009999908714324782,1234,0.4908256880733945,0.6931471824645996,0.009174317121505737,872.0,0.8279816513761468,0.5121670800064682,0.10538461393936016,0.33715596330275227,0.18098010245813145,-0.09621029681785442,a65d3536046adfedc65ec805ce944efbf7a25222e8d70b26a101eb94f9543794,/home/sophgo13/cjl/storage/parameter-importance/runs/stage-b-sst2-reuse-intervention-seed1234
topk_intersection,u_positive,finetuned,layer_balanced,0.01,1235670,123568128,49,183588,0.0014857229203957835,1234,0.7706422018348624,0.6742168063417487,0.25744783878326416,872.0,0.8279816513761468,0.5121670800064682,0.10538461393936016,0.05733944954128434,0.16204972633528059,0.152063224843904,a65d3536046adfedc65ec805ce944efbf7a25222e8d70b26a101eb94f9543794,/home/sophgo13/cjl/storage/parameter-importance/runs/stage-b-sst2-reuse-intervention-seed1234
pretrain_only,u_positive,finetuned,layer_balanced,0.01,1235670,123568128,49,1052082,0.008514185793928998,1234,0.8314220183486238,0.5372829366167751,0.10779580991766002,872.0,0.8279816513761468,0.5121670800064682,0.10538461393936016,-0.0034403669724770714,0.025115856610306908,0.0024111959782998627,a65d3536046adfedc65ec805ce944efbf7a25222e8d70b26a101eb94f9543794,/home/sophgo13/cjl/storage/parameter-importance/runs/stage-b-sst2-reuse-intervention-seed1234
pretrain_high,u_positive,unfinetuned,layer_balanced,0.05,6178401,123568128,49,6178401,0.0499999562994108,1234,0.4908256880733945,0.6931471824645996,0.009174317121505737,872.0,0.4908256880733945,1.1130387739304008,0.37439142467262804,0.0,-0.41989159146580124,-0.3652171075511223,a65d3536046adfedc65ec805ce944efbf7a25222e8d70b26a101eb94f9543794,/home/sophgo13/cjl/storage/parameter-importance/runs/stage-b-sst2-reuse-intervention-seed1234
pretrain_high,u_positive,finetuned,layer_balanced,0.05,6178401,123568128,49,6178401,0.0499999562994108,1234,0.4908256880733945,0.6931471824645996,0.009174317121505737,872.0,0.8279816513761468,0.5121670800064682,0.10538461393936016,0.33715596330275227,0.18098010245813145,-0.09621029681785442,a65d3536046adfedc65ec805ce944efbf7a25222e8d70b26a101eb94f9543794,/home/sophgo13/cjl/storage/parameter-importance/runs/stage-b-sst2-reuse-intervention-seed1234
finetune_high,u_positive,finetuned,layer_balanced,0.05,6178401,123568128,49,6178401,0.0499999562994108,1234,0.4908256880733945,0.6931471824645996,0.009174317121505737,872.0,0.8279816513761468,0.5121670800064682,0.10538461393936016,0.33715596330275227,0.18098010245813145,-0.09621029681785442,a65d3536046adfedc65ec805ce944efbf7a25222e8d70b26a101eb94f9543794,/home/sophgo13/cjl/storage/parameter-importance/runs/stage-b-sst2-reuse-intervention-seed1234
topk_intersection,u_positive,finetuned,layer_balanced,0.05,6178401,123568128,49,1445069,0.011694512358397142,1234,0.4908256880733945,0.6931471824645996,0.009174317121505737,872.0,0.8279816513761468,0.5121670800064682,0.10538461393936016,0.33715596330275227,0.18098010245813145,-0.09621029681785442,a65d3536046adfedc65ec805ce944efbf7a25222e8d70b26a101eb94f9543794,/home/sophgo13/cjl/storage/parameter-importance/runs/stage-b-sst2-reuse-intervention-seed1234
pretrain_only,u_positive,finetuned,layer_balanced,0.05,6178401,123568128,49,4733332,0.03830544394101366,1234,0.8451834862385321,0.5598459268381836,0.10873566309906613,872.0,0.8279816513761468,0.5121670800064682,0.10538461393936016,-0.017201834862385357,0.047678846831715416,0.0033510491597059655,a65d3536046adfedc65ec805ce944efbf7a25222e8d70b26a101eb94f9543794,/home/sophgo13/cjl/storage/parameter-importance/runs/stage-b-sst2-reuse-intervention-seed1234
pretrain_high,u_positive,unfinetuned,layer_balanced,0.1,12356803,123568128,49,12356803,0.0999999206915233,1234,0.4908256880733945,0.6931471824645996,0.009174317121505737,872.0,0.4908256880733945,1.1130387739304008,0.37439142467262804,0.0,-0.41989159146580124,-0.3652171075511223,a65d3536046adfedc65ec805ce944efbf7a25222e8d70b26a101eb94f9543794,/home/sophgo13/cjl/storage/parameter-importance/runs/stage-b-sst2-reuse-intervention-seed1234
pretrain_high,u_positive,finetuned,layer_balanced,0.1,12356803,123568128,49,12356803,0.0999999206915233,1234,0.4908256880733945,0.6931471824645996,0.009174317121505737,872.0,0.8279816513761468,0.5121670800064682,0.10538461393936016,0.33715596330275227,0.18098010245813145,-0.09621029681785442,a65d3536046adfedc65ec805ce944efbf7a25222e8d70b26a101eb94f9543794,/home/sophgo13/cjl/storage/parameter-importance/runs/stage-b-sst2-reuse-intervention-seed1234
finetune_high,u_positive,finetuned,layer_balanced,0.1,12356803,123568128,49,12356803,0.0999999206915233,1234,0.4908256880733945,0.6931471824645996,0.009174317121505737,872.0,0.8279816513761468,0.5121670800064682,0.10538461393936016,0.33715596330275227,0.18098010245813145,-0.09621029681785442,a65d3536046adfedc65ec805ce944efbf7a25222e8d70b26a101eb94f9543794,/home/sophgo13/cjl/storage/parameter-importance/runs/stage-b-sst2-reuse-intervention-seed1234
topk_intersection,u_positive,finetuned,layer_balanced,0.1,12356803,123568128,49,3915053,0.03168335608353636,1234,0.4908256880733945,0.6931471824645996,0.009174317121505737,872.0,0.8279816513761468,0.5121670800064682,0.10538461393936016,0.33715596330275227,0.18098010245813145,-0.09621029681785442,a65d3536046adfedc65ec805ce944efbf7a25222e8d70b26a101eb94f9543794,/home/sophgo13/cjl/storage/parameter-importance/runs/stage-b-sst2-reuse-intervention-seed1234
pretrain_only,u_positive,finetuned,layer_balanced,0.1,12356803,123568128,49,8441750,0.06831656460798693,1234,0.8440366972477065,0.563633081836438,0.10331887387353655,872.0,0.8279816513761468,0.5121670800064682,0.10538461393936016,-0.016055045871559703,0.051466001829969854,-0.002065740065823607,a65d3536046adfedc65ec805ce944efbf7a25222e8d70b26a101eb94f9543794,/home/sophgo13/cjl/storage/parameter-importance/runs/stage-b-sst2-reuse-intervention-seed1234
pretrain_high,u_positive,unfinetuned,layer_balanced,0.2,24713618,123568128,49,24713618,0.19999993849546704,1234,0.4908256880733945,0.6931471824645996,0.009174317121505737,872.0,0.4908256880733945,1.1130387739304008,0.37439142467262804,0.0,-0.41989159146580124,-0.3652171075511223,a65d3536046adfedc65ec805ce944efbf7a25222e8d70b26a101eb94f9543794,/home/sophgo13/cjl/storage/parameter-importance/runs/stage-b-sst2-reuse-intervention-seed1234
pretrain_high,u_positive,finetuned,layer_balanced,0.2,24713618,123568128,49,24713618,0.19999993849546704,1234,0.4908256880733945,0.6931471824645996,0.009174317121505737,872.0,0.8279816513761468,0.5121670800064682,0.10538461393936016,0.33715596330275227,0.18098010245813145,-0.09621029681785442,a65d3536046adfedc65ec805ce944efbf7a25222e8d70b26a101eb94f9543794,/home/sophgo13/cjl/storage/parameter-importance/runs/stage-b-sst2-reuse-intervention-seed1234
finetune_high,u_positive,finetuned,layer_balanced,0.2,24713618,123568128,49,24713618,0.19999993849546704,1234,0.4908256880733945,0.6931471824645996,0.009174317121505737,872.0,0.8279816513761468,0.5121670800064682,0.10538461393936016,0.33715596330275227,0.18098010245813145,-0.09621029681785442,a65d3536046adfedc65ec805ce944efbf7a25222e8d70b26a101eb94f9543794,/home/sophgo13/cjl/storage/parameter-importance/runs/stage-b-sst2-reuse-intervention-seed1234
topk_intersection,u_positive,finetuned,layer_balanced,0.2,24713618,123568128,49,10535217,0.08525836856571947,1234,0.4908256880733945,0.6931471824645996,0.009174317121505737,872.0,0.8279816513761468,0.5121670800064682,0.10538461393936016,0.33715596330275227,0.18098010245813145,-0.09621029681785442,a65d3536046adfedc65ec805ce944efbf7a25222e8d70b26a101eb94f9543794,/home/sophgo13/cjl/storage/parameter-importance/runs/stage-b-sst2-reuse-intervention-seed1234
pretrain_only,u_positive,finetuned,layer_balanced,0.2,24713618,123568128,49,14178401,0.11474156992974759,1234,0.838302752293578,0.5609914438986997,0.1092308837054039,872.0,0.8279816513761468,0.5121670800064682,0.10538461393936016,-0.010321100917431214,0.04882436389223155,0.0038462697660437417,a65d3536046adfedc65ec805ce944efbf7a25222e8d70b26a101eb94f9543794,/home/sophgo13/cjl/storage/parameter-importance/runs/stage-b-sst2-reuse-intervention-seed1234
pretrain_high,u_positive,unfinetuned,global,0.001,123568,123568128,49,123568,0.000999998964134182,1337,0.5091743119266054,0.9900080014806275,0.3238437873119281,872.0,0.4908256880733945,1.1130387739304008,0.37439142467262804,-0.018348623853210955,-0.12303077244977334,-0.05054763736069995,059606e5fe9ba2221515e5c9acf7eba147dfaaf4a4e8aeb6a856c02c7b7a0491,/home/sophgo13/cjl/storage/parameter-importance/runs/stage-b-sst2-reuse-intervention-seed1337
pretrain_high,u_positive,finetuned,global,0.001,123568,123568128,49,123568,0.000999998964134182,1337,0.5596330275229358,1.7867476535499642,0.3814651341700446,872.0,0.8222477064220184,0.5489154832625608,0.11043930744265523,0.26261467889908263,1.2378321702874033,0.27102582672738934,059606e5fe9ba2221515e5c9acf7eba147dfaaf4a4e8aeb6a856c02c7b7a0491,/home/sophgo13/cjl/storage/parameter-importance/runs/stage-b-sst2-reuse-intervention-seed1337
finetune_high,u_positive,finetuned,global,0.001,123568,123568128,49,123568,0.000999998964134182,1337,0.4908256880733945,0.6931471824645996,0.009174317121505737,872.0,0.8222477064220184,0.5489154832625608,0.11043930744265523,0.3314220183486239,0.14423169920203882,-0.1012649903211495,059606e5fe9ba2221515e5c9acf7eba147dfaaf4a4e8aeb6a856c02c7b7a0491,/home/sophgo13/cjl/storage/parameter-importance/runs/stage-b-sst2-reuse-intervention-seed1337
topk_intersection,u_positive,finetuned,global,0.001,123568,123568128,49,2165,1.752069918870989e-05,1337,0.5561926605504587,1.7917242072044162,0.38325593953363457,872.0,0.8222477064220184,0.5489154832625608,0.11043930744265523,0.2660550458715597,1.2428087239418555,0.27281663209097934,059606e5fe9ba2221515e5c9acf7eba147dfaaf4a4e8aeb6a856c02c7b7a0491,/home/sophgo13/cjl/storage/parameter-importance/runs/stage-b-sst2-reuse-intervention-seed1337
pretrain_only,u_positive,finetuned,global,0.001,123568,123568128,49,121403,0.000982478264945472,1337,0.823394495412844,0.5501669336349593,0.10942817219921686,872.0,0.8222477064220184,0.5489154832625608,0.11043930744265523,-0.0011467889908256534,0.0012514503723984882,-0.001011135243438377,059606e5fe9ba2221515e5c9acf7eba147dfaaf4a4e8aeb6a856c02c7b7a0491,/home/sophgo13/cjl/storage/parameter-importance/runs/stage-b-sst2-reuse-intervention-seed1337
pretrain_high,u_positive,unfinetuned,global,0.005,617840,123568128,49,617840,0.0049999948206709095,1337,0.5091743119266054,1.4344321697130116,0.4344420813159455,872.0,0.4908256880733945,1.1130387739304008,0.37439142467262804,-0.018348623853210955,0.3213933957826107,0.06005065664331749,059606e5fe9ba2221515e5c9acf7eba147dfaaf4a4e8aeb6a856c02c7b7a0491,/home/sophgo13/cjl/storage/parameter-importance/runs/stage-b-sst2-reuse-intervention-seed1337
pretrain_high,u_positive,finetuned,global,0.005,617840,123568128,49,617840,0.0049999948206709095,1337,0.5091743119266054,2.1391777773515894,0.4732705665815805,872.0,0.8222477064220184,0.5489154832625608,0.11043930744265523,0.31307339449541294,1.5902622940890287,0.3628312591389253,059606e5fe9ba2221515e5c9acf7eba147dfaaf4a4e8aeb6a856c02c7b7a0491,/home/sophgo13/cjl/storage/parameter-importance/runs/stage-b-sst2-reuse-intervention-seed1337
finetune_high,u_positive,finetuned,global,0.005,617840,123568128,49,617840,0.0049999948206709095,1337,0.4908256880733945,0.6931471824645996,0.009174317121505737,872.0,0.8222477064220184,0.5489154832625608,0.11043930744265523,0.3314220183486239,0.14423169920203882,-0.1012649903211495,059606e5fe9ba2221515e5c9acf7eba147dfaaf4a4e8aeb6a856c02c7b7a0491,/home/sophgo13/cjl/storage/parameter-importance/runs/stage-b-sst2-reuse-intervention-seed1337
topk_intersection,u_positive,finetuned,global,0.005,617840,123568128,49,67569,0.0005468157614235283,1337,0.5091743119266054,2.2029400528024095,0.4766257417258318,872.0,0.8222477064220184,0.5489154832625608,0.11043930744265523,0.31307339449541294,1.6540245695398488,0.36618643428317654,059606e5fe9ba2221515e5c9acf7eba147dfaaf4a4e8aeb6a856c02c7b7a0491,/home/sophgo13/cjl/storage/parameter-importance/runs/stage-b-sst2-reuse-intervention-seed1337
pretrain_only,u_positive,finetuned,global,0.005,617840,123568128,49,550271,0.004453179059247381,1337,0.8188073394495413,0.5855011453322314,0.11825468836584507,872.0,0.8222477064220184,0.5489154832625608,0.11043930744265523,0.0034403669724770714,0.03658566206967062,0.00781538092318984,059606e5fe9ba2221515e5c9acf7eba147dfaaf4a4e8aeb6a856c02c7b7a0491,/home/sophgo13/cjl/storage/parameter-importance/runs/stage-b-sst2-reuse-intervention-seed1337
pretrain_high,u_positive,unfinetuned,global,0.01,1235681,123568128,49,1235681,0.009999997734043522,1337,0.5091743119266054,0.7313437368891654,0.14439341714839482,872.0,0.4908256880733945,1.1130387739304008,0.37439142467262804,-0.018348623853210955,-0.3816950370412354,-0.22999800752423322,059606e5fe9ba2221515e5c9acf7eba147dfaaf4a4e8aeb6a856c02c7b7a0491,/home/sophgo13/cjl/storage/parameter-importance/runs/stage-b-sst2-reuse-intervention-seed1337
pretrain_high,u_positive,finetuned,global,0.01,1235681,123568128,49,1235681,0.009999997734043522,1337,0.5091743119266054,1.849577969367351,0.46940865767457524,872.0,0.8222477064220184,0.5489154832625608,0.11043930744265523,0.31307339449541294,1.3006624861047902,0.35896935023192,059606e5fe9ba2221515e5c9acf7eba147dfaaf4a4e8aeb6a856c02c7b7a0491,/home/sophgo13/cjl/storage/parameter-importance/runs/stage-b-sst2-reuse-intervention-seed1337
finetune_high,u_positive,finetuned,global,0.01,1235681,123568128,49,1235681,0.009999997734043522,1337,0.4908256880733945,0.6931471824645996,0.009174317121505737,872.0,0.8222477064220184,0.5489154832625608,0.11043930744265523,0.3314220183486239,0.14423169920203882,-0.1012649903211495,059606e5fe9ba2221515e5c9acf7eba147dfaaf4a4e8aeb6a856c02c7b7a0491,/home/sophgo13/cjl/storage/parameter-importance/runs/stage-b-sst2-reuse-intervention-seed1337
topk_intersection,u_positive,finetuned,global,0.01,1235681,123568128,49,181248,0.0014667859984089102,1337,0.5091743119266054,1.9222663651912584,0.4734511717234684,872.0,0.8222477064220184,0.5489154832625608,0.11043930744265523,0.31307339449541294,1.3733508819286975,0.36301186428081317,059606e5fe9ba2221515e5c9acf7eba147dfaaf4a4e8aeb6a856c02c7b7a0491,/home/sophgo13/cjl/storage/parameter-importance/runs/stage-b-sst2-reuse-intervention-seed1337
pretrain_only,u_positive,finetuned,global,0.01,1235681,123568128,49,1054433,0.008533211735634613,1337,0.8222477064220184,0.5943603015274083,0.11894810894052155,872.0,0.8222477064220184,0.5489154832625608,0.11043930744265523,0.0,0.045444818264847475,0.008508801497866314,059606e5fe9ba2221515e5c9acf7eba147dfaaf4a4e8aeb6a856c02c7b7a0491,/home/sophgo13/cjl/storage/parameter-importance/runs/stage-b-sst2-reuse-intervention-seed1337
pretrain_high,u_positive,unfinetuned,global,0.05,6178406,123568128,49,6178406,0.049999996762919316,1337,0.5229357798165137,0.6915167832593305,0.01017296314239502,872.0,0.4908256880733945,1.1130387739304008,0.37439142467262804,-0.03211009174311924,-0.4215219906710703,-0.364218461530233,059606e5fe9ba2221515e5c9acf7eba147dfaaf4a4e8aeb6a856c02c7b7a0491,/home/sophgo13/cjl/storage/parameter-importance/runs/stage-b-sst2-reuse-intervention-seed1337
pretrain_high,u_positive,finetuned,global,0.05,6178406,123568128,49,6178406,0.049999996762919316,1337,0.5091743119266054,0.6785594148373385,0.2371244160037822,872.0,0.8222477064220184,0.5489154832625608,0.11043930744265523,0.31307339449541294,0.12964393157477772,0.12668510856112697,059606e5fe9ba2221515e5c9acf7eba147dfaaf4a4e8aeb6a856c02c7b7a0491,/home/sophgo13/cjl/storage/parameter-importance/runs/stage-b-sst2-reuse-intervention-seed1337
finetune_high,u_positive,finetuned,global,0.05,6178406,123568128,49,6178406,0.049999996762919316,1337,0.4908256880733945,0.6931471824645996,0.009174317121505737,872.0,0.8222477064220184,0.5489154832625608,0.11043930744265523,0.3314220183486239,0.14423169920203882,-0.1012649903211495,059606e5fe9ba2221515e5c9acf7eba147dfaaf4a4e8aeb6a856c02c7b7a0491,/home/sophgo13/cjl/storage/parameter-importance/runs/stage-b-sst2-reuse-intervention-seed1337
topk_intersection,u_positive,finetuned,global,0.05,6178406,123568128,49,1908341,0.015443634462116315,1337,0.5091743119266054,0.6764703901535875,0.2905018259325267,872.0,0.8222477064220184,0.5489154832625608,0.11043930744265523,0.31307339449541294,0.12755490689102666,0.18006251848987148,059606e5fe9ba2221515e5c9acf7eba147dfaaf4a4e8aeb6a856c02c7b7a0491,/home/sophgo13/cjl/storage/parameter-importance/runs/stage-b-sst2-reuse-intervention-seed1337
pretrain_only,u_positive,finetuned,global,0.05,6178406,123568128,49,4270065,0.034556362300803,1337,0.8188073394495413,0.6125785342050255,0.12707898626855685,872.0,0.8222477064220184,0.5489154832625608,0.11043930744265523,0.0034403669724770714,0.06366305094246472,0.016639678825901616,059606e5fe9ba2221515e5c9acf7eba147dfaaf4a4e8aeb6a856c02c7b7a0491,/home/sophgo13/cjl/storage/parameter-importance/runs/stage-b-sst2-reuse-intervention-seed1337
pretrain_high,u_positive,unfinetuned,global,0.1,12356812,123568128,49,12356812,0.09999999352583863,1337,0.4873853211009174,0.6932384989677219,0.018465101718902588,872.0,0.4908256880733945,1.1130387739304008,0.37439142467262804,0.0034403669724770714,-0.4198002749626789,-0.35592632295372545,059606e5fe9ba2221515e5c9acf7eba147dfaaf4a4e8aeb6a856c02c7b7a0491,/home/sophgo13/cjl/storage/parameter-importance/runs/stage-b-sst2-reuse-intervention-seed1337
pretrain_high,u_positive,finetuned,global,0.1,12356812,123568128,49,12356812,0.09999999352583863,1337,0.6731651376146789,0.691131502116492,0.17118138074874878,872.0,0.8222477064220184,0.5489154832625608,0.11043930744265523,0.1490825688073395,0.1422160188539312,0.06074207330609355,059606e5fe9ba2221515e5c9acf7eba147dfaaf4a4e8aeb6a856c02c7b7a0491,/home/sophgo13/cjl/storage/parameter-importance/runs/stage-b-sst2-reuse-intervention-seed1337
finetune_high,u_positive,finetuned,global,0.1,12356812,123568128,49,12356812,0.09999999352583863,1337,0.4908256880733945,0.6931471824645996,0.009174317121505737,872.0,0.8222477064220184,0.5489154832625608,0.11043930744265523,0.3314220183486239,0.14423169920203882,-0.1012649903211495,059606e5fe9ba2221515e5c9acf7eba147dfaaf4a4e8aeb6a856c02c7b7a0491,/home/sophgo13/cjl/storage/parameter-importance/runs/stage-b-sst2-reuse-intervention-seed1337
topk_intersection,u_positive,finetuned,global,0.1,12356812,123568128,49,5246815,0.04246090868998193,1337,0.7201834862385321,0.6909702119477298,0.21835851669311523,872.0,0.8222477064220184,0.5489154832625608,0.11043930744265523,0.10206422018348627,0.142054728685169,0.10791920925046,059606e5fe9ba2221515e5c9acf7eba147dfaaf4a4e8aeb6a856c02c7b7a0491,/home/sophgo13/cjl/storage/parameter-importance/runs/stage-b-sst2-reuse-intervention-seed1337
pretrain_only,u_positive,finetuned,global,0.1,12356812,123568128,49,7109997,0.0575390848358567,1337,0.8211009174311926,0.575920139157444,0.1147564662827012,872.0,0.8222477064220184,0.5489154832625608,0.11043930744265523,0.0011467889908257645,0.02700465589488321,0.004317158840045965,059606e5fe9ba2221515e5c9acf7eba147dfaaf4a4e8aeb6a856c02c7b7a0491,/home/sophgo13/cjl/storage/parameter-importance/runs/stage-b-sst2-reuse-intervention-seed1337
pretrain_high,u_positive,unfinetuned,global,0.2,24713625,123568128,49,24713625,0.19999999514437897,1337,0.4908256880733945,0.6931471824645996,0.009174317121505737,872.0,0.4908256880733945,1.1130387739304008,0.37439142467262804,0.0,-0.41989159146580124,-0.3652171075511223,059606e5fe9ba2221515e5c9acf7eba147dfaaf4a4e8aeb6a856c02c7b7a0491,/home/sophgo13/cjl/storage/parameter-importance/runs/stage-b-sst2-reuse-intervention-seed1337
pretrain_high,u_positive,finetuned,global,0.2,24713625,123568128,49,24713625,0.19999999514437897,1337,0.4908256880733945,0.6931471824645996,0.009174317121505737,872.0,0.8222477064220184,0.5489154832625608,0.11043930744265523,0.3314220183486239,0.14423169920203882,-0.1012649903211495,059606e5fe9ba2221515e5c9acf7eba147dfaaf4a4e8aeb6a856c02c7b7a0491,/home/sophgo13/cjl/storage/parameter-importance/runs/stage-b-sst2-reuse-intervention-seed1337
finetune_high,u_positive,finetuned,global,0.2,24713625,123568128,49,24713625,0.19999999514437897,1337,0.4908256880733945,0.6931471824645996,0.009174317121505737,872.0,0.8222477064220184,0.5489154832625608,0.11043930744265523,0.3314220183486239,0.14423169920203882,-0.1012649903211495,059606e5fe9ba2221515e5c9acf7eba147dfaaf4a4e8aeb6a856c02c7b7a0491,/home/sophgo13/cjl/storage/parameter-importance/runs/stage-b-sst2-reuse-intervention-seed1337
topk_intersection,u_positive,finetuned,global,0.2,24713625,123568128,49,13349841,0.1080362810060536,1337,0.4908256880733945,0.6931471824645996,0.009174317121505737,872.0,0.8222477064220184,0.5489154832625608,0.11043930744265523,0.3314220183486239,0.14423169920203882,-0.1012649903211495,059606e5fe9ba2221515e5c9acf7eba147dfaaf4a4e8aeb6a856c02c7b7a0491,/home/sophgo13/cjl/storage/parameter-importance/runs/stage-b-sst2-reuse-intervention-seed1337
pretrain_only,u_positive,finetuned,global,0.2,24713625,123568128,49,11363784,0.09196371413832538,1337,0.8222477064220184,0.5644889134879506,0.1170040303037585,872.0,0.8222477064220184,0.5489154832625608,0.11043930744265523,0.0,0.015573430225389817,0.006564722861103267,059606e5fe9ba2221515e5c9acf7eba147dfaaf4a4e8aeb6a856c02c7b7a0491,/home/sophgo13/cjl/storage/parameter-importance/runs/stage-b-sst2-reuse-intervention-seed1337
pretrain_high,u_positive,unfinetuned,layer_balanced,0.001,123557,123568128,49,123557,0.0009999099444154402,1337,0.4908256880733945,1.057143713356158,0.35519246420291845,872.0,0.4908256880733945,1.1130387739304008,0.37439142467262804,0.0,-0.05589506057424276,-0.01919896046970959,059606e5fe9ba2221515e5c9acf7eba147dfaaf4a4e8aeb6a856c02c7b7a0491,/home/sophgo13/cjl/storage/parameter-importance/runs/stage-b-sst2-reuse-intervention-seed1337
pretrain_high,u_positive,finetuned,layer_balanced,0.001,123557,123568128,49,123557,0.0009999099444154402,1337,0.8211009174311926,0.5519513818648977,0.11105499659025109,872.0,0.8222477064220184,0.5489154832625608,0.11043930744265523,0.0011467889908257645,0.003035898602336884,0.0006156891475958548,059606e5fe9ba2221515e5c9acf7eba147dfaaf4a4e8aeb6a856c02c7b7a0491,/home/sophgo13/cjl/storage/parameter-importance/runs/stage-b-sst2-reuse-intervention-seed1337
finetune_high,u_positive,finetuned,layer_balanced,0.001,123557,123568128,49,123557,0.0009999099444154402,1337,0.4908256880733945,0.6931471824645996,0.009174317121505737,872.0,0.8222477064220184,0.5489154832625608,0.11043930744265523,0.3314220183486239,0.14423169920203882,-0.1012649903211495,059606e5fe9ba2221515e5c9acf7eba147dfaaf4a4e8aeb6a856c02c7b7a0491,/home/sophgo13/cjl/storage/parameter-importance/runs/stage-b-sst2-reuse-intervention-seed1337
topk_intersection,u_positive,finetuned,layer_balanced,0.001,123557,123568128,49,8379,6.780874757607399e-05,1337,0.8211009174311926,0.5492184380872533,0.11049752790096123,872.0,0.8222477064220184,0.5489154832625608,0.11043930744265523,0.0011467889908257645,0.0003029548246925584,5.8220458306001976e-05,059606e5fe9ba2221515e5c9acf7eba147dfaaf4a4e8aeb6a856c02c7b7a0491,/home/sophgo13/cjl/storage/parameter-importance/runs/stage-b-sst2-reuse-intervention-seed1337
pretrain_only,u_positive,finetuned,layer_balanced,0.001,123557,123568128,49,115178,0.0009321011968393662,1337,0.823394495412844,0.5522271309970715,0.110736383728264,872.0,0.8222477064220184,0.5489154832625608,0.11043930744265523,-0.0011467889908256534,0.0033116477345107587,0.0002970762856087661,059606e5fe9ba2221515e5c9acf7eba147dfaaf4a4e8aeb6a856c02c7b7a0491,/home/sophgo13/cjl/storage/parameter-importance/runs/stage-b-sst2-reuse-intervention-seed1337
pretrain_high,u_positive,unfinetuned,layer_balanced,0.005,617835,123568128,49,617835,0.004999954357162391,1337,0.5091743119266054,1.139290345918148,0.37912892792987307,872.0,0.4908256880733945,1.1130387739304008,0.37439142467262804,-0.018348623853210955,0.02625157198774719,0.004737503257245035,059606e5fe9ba2221515e5c9acf7eba147dfaaf4a4e8aeb6a856c02c7b7a0491,/home/sophgo13/cjl/storage/parameter-importance/runs/stage-b-sst2-reuse-intervention-seed1337
pretrain_high,u_positive,finetuned,layer_balanced,0.005,617835,123568128,49,617835,0.004999954357162391,1337,0.5091743119266054,2.1994820362931,0.48086708784103394,872.0,0.8222477064220184,0.5489154832625608,0.11043930744265523,0.31307339449541294,1.6505665530305391,0.3704277803983787,059606e5fe9ba2221515e5c9acf7eba147dfaaf4a4e8aeb6a856c02c7b7a0491,/home/sophgo13/cjl/storage/parameter-importance/runs/stage-b-sst2-reuse-intervention-seed1337
finetune_high,u_positive,finetuned,layer_balanced,0.005,617835,123568128,49,617835,0.004999954357162391,1337,0.4908256880733945,0.6931471824645996,0.009174317121505737,872.0,0.8222477064220184,0.5489154832625608,0.11043930744265523,0.3314220183486239,0.14423169920203882,-0.1012649903211495,059606e5fe9ba2221515e5c9acf7eba147dfaaf4a4e8aeb6a856c02c7b7a0491,/home/sophgo13/cjl/storage/parameter-importance/runs/stage-b-sst2-reuse-intervention-seed1337
topk_intersection,u_positive,finetuned,layer_balanced,0.005,617835,123568128,49,76662,0.0006204026980161098,1337,0.5091743119266054,2.210783531906408,0.48127102851867676,872.0,0.8222477064220184,0.5489154832625608,0.11043930744265523,0.31307339449541294,1.6618680486438473,0.3708317210760215,059606e5fe9ba2221515e5c9acf7eba147dfaaf4a4e8aeb6a856c02c7b7a0491,/home/sophgo13/cjl/storage/parameter-importance/runs/stage-b-sst2-reuse-intervention-seed1337
pretrain_only,u_positive,finetuned,layer_balanced,0.005,617835,123568128,49,541173,0.004379551659146281,1337,0.8222477064220184,0.5680536928526853,0.11490642912165466,872.0,0.8222477064220184,0.5489154832625608,0.11043930744265523,0.0,0.019138209590124466,0.004467121678999431,059606e5fe9ba2221515e5c9acf7eba147dfaaf4a4e8aeb6a856c02c7b7a0491,/home/sophgo13/cjl/storage/parameter-importance/runs/stage-b-sst2-reuse-intervention-seed1337
pretrain_high,u_positive,unfinetuned,layer_balanced,0.01,1235670,123568128,49,1235670,0.009999908714324782,1337,0.4908256880733945,0.6933401943346776,0.030495554208755493,872.0,0.4908256880733945,1.1130387739304008,0.37439142467262804,0.0,-0.4196985795957232,-0.34389587046387254,059606e5fe9ba2221515e5c9acf7eba147dfaaf4a4e8aeb6a856c02c7b7a0491,/home/sophgo13/cjl/storage/parameter-importance/runs/stage-b-sst2-reuse-intervention-seed1337
pretrain_high,u_positive,finetuned,layer_balanced,0.01,1235670,123568128,49,1235670,0.009999908714324782,1337,0.6938073394495413,0.6743673315835655,0.17821389436721802,872.0,0.8222477064220184,0.5489154832625608,0.11043930744265523,0.12844036697247707,0.12545184832100476,0.06777458692456279,059606e5fe9ba2221515e5c9acf7eba147dfaaf4a4e8aeb6a856c02c7b7a0491,/home/sophgo13/cjl/storage/parameter-importance/runs/stage-b-sst2-reuse-intervention-seed1337
finetune_high,u_positive,finetuned,layer_balanced,0.01,1235670,123568128,49,1235670,0.009999908714324782,1337,0.4908256880733945,0.6931471824645996,0.009174317121505737,872.0,0.8222477064220184,0.5489154832625608,0.11043930744265523,0.3314220183486239,0.14423169920203882,-0.1012649903211495,059606e5fe9ba2221515e5c9acf7eba147dfaaf4a4e8aeb6a856c02c7b7a0491,/home/sophgo13/cjl/storage/parameter-importance/runs/stage-b-sst2-reuse-intervention-seed1337
topk_intersection,u_positive,finetuned,layer_balanced,0.01,1235670,123568128,49,186458,0.0015089489742856669,1337,0.6880733944954128,0.6756805083073607,0.17350423336029053,872.0,0.8222477064220184,0.5489154832625608,0.11043930744265523,0.13417431192660556,0.12676502504479992,0.0630649259176353,059606e5fe9ba2221515e5c9acf7eba147dfaaf4a4e8aeb6a856c02c7b7a0491,/home/sophgo13/cjl/storage/parameter-importance/runs/stage-b-sst2-reuse-intervention-seed1337
pretrain_only,u_positive,finetuned,layer_balanced,0.01,1235670,123568128,49,1049212,0.008490959740039114,1337,0.8222477064220184,0.5803742993862258,0.11644492617789381,872.0,0.8222477064220184,0.5489154832625608,0.11043930744265523,0.0,0.03145881612366497,0.006005618735238583,059606e5fe9ba2221515e5c9acf7eba147dfaaf4a4e8aeb6a856c02c7b7a0491,/home/sophgo13/cjl/storage/parameter-importance/runs/stage-b-sst2-reuse-intervention-seed1337
pretrain_high,u_positive,unfinetuned,layer_balanced,0.05,6178401,123568128,49,6178401,0.0499999562994108,1337,0.4908256880733945,0.6931471824645996,0.009174317121505737,872.0,0.4908256880733945,1.1130387739304008,0.37439142467262804,0.0,-0.41989159146580124,-0.3652171075511223,059606e5fe9ba2221515e5c9acf7eba147dfaaf4a4e8aeb6a856c02c7b7a0491,/home/sophgo13/cjl/storage/parameter-importance/runs/stage-b-sst2-reuse-intervention-seed1337
pretrain_high,u_positive,finetuned,layer_balanced,0.05,6178401,123568128,49,6178401,0.0499999562994108,1337,0.4908256880733945,0.6931471824645996,0.009174317121505737,872.0,0.8222477064220184,0.5489154832625608,0.11043930744265523,0.3314220183486239,0.14423169920203882,-0.1012649903211495,059606e5fe9ba2221515e5c9acf7eba147dfaaf4a4e8aeb6a856c02c7b7a0491,/home/sophgo13/cjl/storage/parameter-importance/runs/stage-b-sst2-reuse-intervention-seed1337
finetune_high,u_positive,finetuned,layer_balanced,0.05,6178401,123568128,49,6178401,0.0499999562994108,1337,0.4908256880733945,0.6931471824645996,0.009174317121505737,872.0,0.8222477064220184,0.5489154832625608,0.11043930744265523,0.3314220183486239,0.14423169920203882,-0.1012649903211495,059606e5fe9ba2221515e5c9acf7eba147dfaaf4a4e8aeb6a856c02c7b7a0491,/home/sophgo13/cjl/storage/parameter-importance/runs/stage-b-sst2-reuse-intervention-seed1337
topk_intersection,u_positive,finetuned,layer_balanced,0.05,6178401,123568128,49,1438131,0.011638365193976234,1337,0.4908256880733945,0.6931471824645996,0.009174317121505737,872.0,0.8222477064220184,0.5489154832625608,0.11043930744265523,0.3314220183486239,0.14423169920203882,-0.1012649903211495,059606e5fe9ba2221515e5c9acf7eba147dfaaf4a4e8aeb6a856c02c7b7a0491,/home/sophgo13/cjl/storage/parameter-importance/runs/stage-b-sst2-reuse-intervention-seed1337
pretrain_only,u_positive,finetuned,layer_balanced,0.05,6178401,123568128,49,4740270,0.038361591105434564,1337,0.8279816513761468,0.5898563358761849,0.12373241314987071,872.0,0.8222477064220184,0.5489154832625608,0.11043930744265523,-0.005733944954128378,0.040940852613624124,0.01329310570721548,059606e5fe9ba2221515e5c9acf7eba147dfaaf4a4e8aeb6a856c02c7b7a0491,/home/sophgo13/cjl/storage/parameter-importance/runs/stage-b-sst2-reuse-intervention-seed1337
pretrain_high,u_positive,unfinetuned,layer_balanced,0.1,12356803,123568128,49,12356803,0.0999999206915233,1337,0.4908256880733945,0.6931471824645996,0.009174317121505737,872.0,0.4908256880733945,1.1130387739304008,0.37439142467262804,0.0,-0.41989159146580124,-0.3652171075511223,059606e5fe9ba2221515e5c9acf7eba147dfaaf4a4e8aeb6a856c02c7b7a0491,/home/sophgo13/cjl/storage/parameter-importance/runs/stage-b-sst2-reuse-intervention-seed1337
pretrain_high,u_positive,finetuned,layer_balanced,0.1,12356803,123568128,49,12356803,0.0999999206915233,1337,0.4908256880733945,0.6931471824645996,0.009174317121505737,872.0,0.8222477064220184,0.5489154832625608,0.11043930744265523,0.3314220183486239,0.14423169920203882,-0.1012649903211495,059606e5fe9ba2221515e5c9acf7eba147dfaaf4a4e8aeb6a856c02c7b7a0491,/home/sophgo13/cjl/storage/parameter-importance/runs/stage-b-sst2-reuse-intervention-seed1337
finetune_high,u_positive,finetuned,layer_balanced,0.1,12356803,123568128,49,12356803,0.0999999206915233,1337,0.4908256880733945,0.6931471824645996,0.009174317121505737,872.0,0.8222477064220184,0.5489154832625608,0.11043930744265523,0.3314220183486239,0.14423169920203882,-0.1012649903211495,059606e5fe9ba2221515e5c9acf7eba147dfaaf4a4e8aeb6a856c02c7b7a0491,/home/sophgo13/cjl/storage/parameter-importance/runs/stage-b-sst2-reuse-intervention-seed1337
topk_intersection,u_positive,finetuned,layer_balanced,0.1,12356803,123568128,49,3880464,0.0314034376243039,1337,0.4908256880733945,0.6931471824645996,0.009174317121505737,872.0,0.8222477064220184,0.5489154832625608,0.11043930744265523,0.3314220183486239,0.14423169920203882,-0.1012649903211495,059606e5fe9ba2221515e5c9acf7eba147dfaaf4a4e8aeb6a856c02c7b7a0491,/home/sophgo13/cjl/storage/parameter-importance/runs/stage-b-sst2-reuse-intervention-seed1337
pretrain_only,u_positive,finetuned,layer_balanced,0.1,12356803,123568128,49,8476339,0.06859648306721941,1337,0.8165137614678899,0.5837499488384352,0.12199434101527495,872.0,0.8222477064220184,0.5489154832625608,0.11043930744265523,0.005733944954128489,0.03483446557587444,0.011555033572619722,059606e5fe9ba2221515e5c9acf7eba147dfaaf4a4e8aeb6a856c02c7b7a0491,/home/sophgo13/cjl/storage/parameter-importance/runs/stage-b-sst2-reuse-intervention-seed1337
pretrain_high,u_positive,unfinetuned,layer_balanced,0.2,24713618,123568128,49,24713618,0.19999993849546704,1337,0.4908256880733945,0.6931471824645996,0.009174317121505737,872.0,0.4908256880733945,1.1130387739304008,0.37439142467262804,0.0,-0.41989159146580124,-0.3652171075511223,059606e5fe9ba2221515e5c9acf7eba147dfaaf4a4e8aeb6a856c02c7b7a0491,/home/sophgo13/cjl/storage/parameter-importance/runs/stage-b-sst2-reuse-intervention-seed1337
pretrain_high,u_positive,finetuned,layer_balanced,0.2,24713618,123568128,49,24713618,0.19999993849546704,1337,0.4908256880733945,0.6931471824645996,0.009174317121505737,872.0,0.8222477064220184,0.5489154832625608,0.11043930744265523,0.3314220183486239,0.14423169920203882,-0.1012649903211495,059606e5fe9ba2221515e5c9acf7eba147dfaaf4a4e8aeb6a856c02c7b7a0491,/home/sophgo13/cjl/storage/parameter-importance/runs/stage-b-sst2-reuse-intervention-seed1337
finetune_high,u_positive,finetuned,layer_balanced,0.2,24713618,123568128,49,24713618,0.19999993849546704,1337,0.4908256880733945,0.6931471824645996,0.009174317121505737,872.0,0.8222477064220184,0.5489154832625608,0.11043930744265523,0.3314220183486239,0.14423169920203882,-0.1012649903211495,059606e5fe9ba2221515e5c9acf7eba147dfaaf4a4e8aeb6a856c02c7b7a0491,/home/sophgo13/cjl/storage/parameter-importance/runs/stage-b-sst2-reuse-intervention-seed1337
topk_intersection,u_positive,finetuned,layer_balanced,0.2,24713618,123568128,49,10474352,0.08476580627651817,1337,0.4908256880733945,0.6931471824645996,0.009174317121505737,872.0,0.8222477064220184,0.5489154832625608,0.11043930744265523,0.3314220183486239,0.14423169920203882,-0.1012649903211495,059606e5fe9ba2221515e5c9acf7eba147dfaaf4a4e8aeb6a856c02c7b7a0491,/home/sophgo13/cjl/storage/parameter-importance/runs/stage-b-sst2-reuse-intervention-seed1337
pretrain_only,u_positive,finetuned,layer_balanced,0.2,24713618,123568128,49,14239266,0.11523413221894889,1337,0.8130733944954128,0.5832033501852543,0.12497428930920784,872.0,0.8222477064220184,0.5489154832625608,0.11043930744265523,0.00917431192660556,0.03428786692269348,0.01453498186655261,059606e5fe9ba2221515e5c9acf7eba147dfaaf4a4e8aeb6a856c02c7b7a0491,/home/sophgo13/cjl/storage/parameter-importance/runs/stage-b-sst2-reuse-intervention-seed1337
pretrain_high,u_positive,unfinetuned,global,0.001,123568,123568128,49,123568,0.000999998964134182,2027,0.5091743119266054,0.9900080014806275,0.3238437873119281,872.0,0.4908256880733945,1.1130387739304008,0.37439142467262804,-0.018348623853210955,-0.12303077244977334,-0.05054763736069995,2d677a067a1c2d45b34ec6a3a6fc01d3eee44ddac0c2613ef63428e472f08d7d,/home/sophgo13/cjl/storage/parameter-importance/runs/stage-b-sst2-reuse-intervention-seed2027
pretrain_high,u_positive,finetuned,global,0.001,123568,123568128,49,123568,0.000999998964134182,2027,0.5584862385321101,1.8323612147514974,0.3839293258325391,872.0,0.8291284403669725,0.5038290075752714,0.10338009834353334,0.27064220183486243,1.328532207176226,0.28054922748900574,2d677a067a1c2d45b34ec6a3a6fc01d3eee44ddac0c2613ef63428e472f08d7d,/home/sophgo13/cjl/storage/parameter-importance/runs/stage-b-sst2-reuse-intervention-seed2027
finetune_high,u_positive,finetuned,global,0.001,123568,123568128,49,123568,0.000999998964134182,2027,0.4908256880733945,0.6931471824645996,0.009174317121505737,872.0,0.8291284403669725,0.5038290075752714,0.10338009834353334,0.33830275229357804,0.18931817488932823,-0.09420578122202761,2d677a067a1c2d45b34ec6a3a6fc01d3eee44ddac0c2613ef63428e472f08d7d,/home/sophgo13/cjl/storage/parameter-importance/runs/stage-b-sst2-reuse-intervention-seed2027
topk_intersection,u_positive,finetuned,global,0.001,123568,123568128,49,1901,1.5384225938908777e-05,2027,0.5584862385321101,1.836805979046253,0.3846142478861143,872.0,0.8291284403669725,0.5038290075752714,0.10338009834353334,0.27064220183486243,1.3329769714709816,0.28123414954258097,2d677a067a1c2d45b34ec6a3a6fc01d3eee44ddac0c2613ef63428e472f08d7d,/home/sophgo13/cjl/storage/parameter-importance/runs/stage-b-sst2-reuse-intervention-seed2027
pretrain_only,u_positive,finetuned,global,0.001,123568,123568128,49,121667,0.0009846147381952731,2027,0.8314220183486238,0.5072242937503605,0.10625165938685721,872.0,0.8291284403669725,0.5038290075752714,0.10338009834353334,-0.002293577981651307,0.0033952861750891072,0.002871561043323867,2d677a067a1c2d45b34ec6a3a6fc01d3eee44ddac0c2613ef63428e472f08d7d,/home/sophgo13/cjl/storage/parameter-importance/runs/stage-b-sst2-reuse-intervention-seed2027
pretrain_high,u_positive,unfinetuned,global,0.005,617840,123568128,49,617840,0.0049999948206709095,2027,0.5091743119266054,1.4344321697130116,0.4344420813159455,872.0,0.4908256880733945,1.1130387739304008,0.37439142467262804,-0.018348623853210955,0.3213933957826107,0.06005065664331749,2d677a067a1c2d45b34ec6a3a6fc01d3eee44ddac0c2613ef63428e472f08d7d,/home/sophgo13/cjl/storage/parameter-importance/runs/stage-b-sst2-reuse-intervention-seed2027
pretrain_high,u_positive,finetuned,global,0.005,617840,123568128,49,617840,0.0049999948206709095,2027,0.5114678899082569,2.047263557757806,0.46568586212286167,872.0,0.8291284403669725,0.5038290075752714,0.10338009834353334,0.31766055045871566,1.5434345501825348,0.3623057637793283,2d677a067a1c2d45b34ec6a3a6fc01d3eee44ddac0c2613ef63428e472f08d7d,/home/sophgo13/cjl/storage/parameter-importance/runs/stage-b-sst2-reuse-intervention-seed2027
finetune_high,u_positive,finetuned,global,0.005,617840,123568128,49,617840,0.0049999948206709095,2027,0.4908256880733945,0.6931471824645996,0.009174317121505737,872.0,0.8291284403669725,0.5038290075752714,0.10338009834353334,0.33830275229357804,0.18931817488932823,-0.09420578122202761,2d677a067a1c2d45b34ec6a3a6fc01d3eee44ddac0c2613ef63428e472f08d7d,/home/sophgo13/cjl/storage/parameter-importance/runs/stage-b-sst2-reuse-intervention-seed2027
topk_intersection,u_positive,finetuned,global,0.005,617840,123568128,49,64085,0.0005186207886875166,2027,0.5091743119266054,2.1183874672705976,0.47256385041488314,872.0,0.8291284403669725,0.5038290075752714,0.10338009834353334,0.3199541284403671,1.6145584596953262,0.3691837520713498,2d677a067a1c2d45b34ec6a3a6fc01d3eee44ddac0c2613ef63428e472f08d7d,/home/sophgo13/cjl/storage/parameter-importance/runs/stage-b-sst2-reuse-intervention-seed2027
pretrain_only,u_positive,finetuned,global,0.005,617840,123568128,49,553755,0.004481374031983393,2027,0.8302752293577982,0.5328171920338902,0.10718666182959258,872.0,0.8291284403669725,0.5038290075752714,0.10338009834353334,-0.0011467889908256534,0.028988184458618838,0.0038065634860592334,2d677a067a1c2d45b34ec6a3a6fc01d3eee44ddac0c2613ef63428e472f08d7d,/home/sophgo13/cjl/storage/parameter-importance/runs/stage-b-sst2-reuse-intervention-seed2027
pretrain_high,u_positive,unfinetuned,global,0.01,1235681,123568128,49,1235681,0.009999997734043522,2027,0.5091743119266054,0.7313437368891654,0.14439341714839482,872.0,0.4908256880733945,1.1130387739304008,0.37439142467262804,-0.018348623853210955,-0.3816950370412354,-0.22999800752423322,2d677a067a1c2d45b34ec6a3a6fc01d3eee44ddac0c2613ef63428e472f08d7d,/home/sophgo13/cjl/storage/parameter-importance/runs/stage-b-sst2-reuse-intervention-seed2027
pretrain_high,u_positive,finetuned,global,0.01,1235681,123568128,49,1235681,0.009999997734043522,2027,0.5091743119266054,1.8049565498982,0.4659648934384625,872.0,0.8291284403669725,0.5038290075752714,0.10338009834353334,0.3199541284403671,1.3011275423229287,0.36258479509492914,2d677a067a1c2d45b34ec6a3a6fc01d3eee44ddac0c2613ef63428e472f08d7d,/home/sophgo13/cjl/storage/parameter-importance/runs/stage-b-sst2-reuse-intervention-seed2027
finetune_high,u_positive,finetuned,global,0.01,1235681,123568128,49,1235681,0.009999997734043522,2027,0.4908256880733945,0.6931471824645996,0.009174317121505737,872.0,0.8291284403669725,0.5038290075752714,0.10338009834353334,0.33830275229357804,0.18931817488932823,-0.09420578122202761,2d677a067a1c2d45b34ec6a3a6fc01d3eee44ddac0c2613ef63428e472f08d7d,/home/sophgo13/cjl/storage/parameter-importance/runs/stage-b-sst2-reuse-intervention-seed2027
topk_intersection,u_positive,finetuned,global,0.01,1235681,123568128,49,175719,0.0014220414506886435,2027,0.5091743119266054,1.8749638227147793,0.47120527212362784,872.0,0.8291284403669725,0.5038290075752714,0.10338009834353334,0.3199541284403671,1.371134815139508,0.3678251737800945,2d677a067a1c2d45b34ec6a3a6fc01d3eee44ddac0c2613ef63428e472f08d7d,/home/sophgo13/cjl/storage/parameter-importance/runs/stage-b-sst2-reuse-intervention-seed2027
pretrain_only,u_positive,finetuned,global,0.01,1235681,123568128,49,1059962,0.008577956283354879,2027,0.8314220183486238,0.5445429357366824,0.1053600649721278,872.0,0.8291284403669725,0.5038290075752714,0.10338009834353334,-0.002293577981651307,0.04071392816141106,0.001979966628594454,2d677a067a1c2d45b34ec6a3a6fc01d3eee44ddac0c2613ef63428e472f08d7d,/home/sophgo13/cjl/storage/parameter-importance/runs/stage-b-sst2-reuse-intervention-seed2027
pretrain_high,u_positive,unfinetuned,global,0.05,6178406,123568128,49,6178406,0.049999996762919316,2027,0.5229357798165137,0.6915167832593305,0.01017296314239502,872.0,0.4908256880733945,1.1130387739304008,0.37439142467262804,-0.03211009174311924,-0.4215219906710703,-0.364218461530233,2d677a067a1c2d45b34ec6a3a6fc01d3eee44ddac0c2613ef63428e472f08d7d,/home/sophgo13/cjl/storage/parameter-importance/runs/stage-b-sst2-reuse-intervention-seed2027
pretrain_high,u_positive,finetuned,global,0.05,6178406,123568128,49,6178406,0.049999996762919316,2027,0.5103211009174312,0.6676552858921366,0.24337473210652405,872.0,0.8291284403669725,0.5038290075752714,0.10338009834353334,0.3188073394495413,0.16382627831686525,0.1399946337629907,2d677a067a1c2d45b34ec6a3a6fc01d3eee44ddac0c2613ef63428e472f08d7d,/home/sophgo13/cjl/storage/parameter-importance/runs/stage-b-sst2-reuse-intervention-seed2027
finetune_high,u_positive,finetuned,global,0.05,6178406,123568128,49,6178406,0.049999996762919316,2027,0.4908256880733945,0.6931471824645996,0.009174317121505737,872.0,0.8291284403669725,0.5038290075752714,0.10338009834353334,0.33830275229357804,0.18931817488932823,-0.09420578122202761,2d677a067a1c2d45b34ec6a3a6fc01d3eee44ddac0c2613ef63428e472f08d7d,/home/sophgo13/cjl/storage/parameter-importance/runs/stage-b-sst2-reuse-intervention-seed2027
topk_intersection,u_positive,finetuned,global,0.05,6178406,123568128,49,1888293,0.015281391978358691,2027,0.5091743119266054,0.6727391864181659,0.2850623146826017,872.0,0.8291284403669725,0.5038290075752714,0.10338009834353334,0.3199541284403671,0.1689101788428945,0.18168221633906834,2d677a067a1c2d45b34ec6a3a6fc01d3eee44ddac0c2613ef63428e472f08d7d,/home/sophgo13/cjl/storage/parameter-importance/runs/stage-b-sst2-reuse-intervention-seed2027
pretrain_only,u_positive,finetuned,global,0.05,6178406,123568128,49,4290113,0.034718604784560625,2027,0.823394495412844,0.5535277841834847,0.10917282653857008,872.0,0.8291284403669725,0.5038290075752714,0.10338009834353334,0.005733944954128489,0.04969877660821331,0.005792728195036734,2d677a067a1c2d45b34ec6a3a6fc01d3eee44ddac0c2613ef63428e472f08d7d,/home/sophgo13/cjl/storage/parameter-importance/runs/stage-b-sst2-reuse-intervention-seed2027
pretrain_high,u_positive,unfinetuned,global,0.1,12356812,123568128,49,12356812,0.09999999352583863,2027,0.4873853211009174,0.6932384989677219,0.018465101718902588,872.0,0.4908256880733945,1.1130387739304008,0.37439142467262804,0.0034403669724770714,-0.4198002749626789,-0.35592632295372545,2d677a067a1c2d45b34ec6a3a6fc01d3eee44ddac0c2613ef63428e472f08d7d,/home/sophgo13/cjl/storage/parameter-importance/runs/stage-b-sst2-reuse-intervention-seed2027
pretrain_high,u_positive,finetuned,global,0.1,12356812,123568128,49,12356812,0.09999999352583863,2027,0.7213302752293578,0.6913236636634267,0.21992939710617065,872.0,0.8291284403669725,0.5038290075752714,0.10338009834353334,0.10779816513761475,0.1874946560881553,0.11654929876263731,2d677a067a1c2d45b34ec6a3a6fc01d3eee44ddac0c2613ef63428e472f08d7d,/home/sophgo13/cjl/storage/parameter-importance/runs/stage-b-sst2-reuse-intervention-seed2027
finetune_high,u_positive,finetuned,global,0.1,12356812,123568128,49,12356812,0.09999999352583863,2027,0.4908256880733945,0.6931471824645996,0.009174317121505737,872.0,0.8291284403669725,0.5038290075752714,0.10338009834353334,0.33830275229357804,0.18931817488932823,-0.09420578122202761,2d677a067a1c2d45b34ec6a3a6fc01d3eee44ddac0c2613ef63428e472f08d7d,/home/sophgo13/cjl/storage/parameter-importance/runs/stage-b-sst2-reuse-intervention-seed2027
topk_intersection,u_positive,finetuned,global,0.1,12356812,123568128,49,5202299,0.042100653980935925,2027,0.5940366972477065,0.6923853257380495,0.09318065643310547,872.0,0.8291284403669725,0.5038290075752714,0.10338009834353334,0.23509174311926606,0.18855631816277807,-0.010199441910427876,2d677a067a1c2d45b34ec6a3a6fc01d3eee44ddac0c2613ef63428e472f08d7d,/home/sophgo13/cjl/storage/parameter-importance/runs/stage-b-sst2-reuse-intervention-seed2027
pretrain_only,u_positive,finetuned,global,0.1,12356812,123568128,49,7154513,0.057899339544902714,2027,0.8256880733944955,0.5310147809326102,0.10747371087836094,872.0,0.8291284403669725,0.5038290075752714,0.10338009834353334,0.0034403669724770714,0.02718577335733885,0.004093612534827595,2d677a067a1c2d45b34ec6a3a6fc01d3eee44ddac0c2613ef63428e472f08d7d,/home/sophgo13/cjl/storage/parameter-importance/runs/stage-b-sst2-reuse-intervention-seed2027
pretrain_high,u_positive,unfinetuned,global,0.2,24713625,123568128,49,24713625,0.19999999514437897,2027,0.4908256880733945,0.6931471824645996,0.009174317121505737,872.0,0.4908256880733945,1.1130387739304008,0.37439142467262804,0.0,-0.41989159146580124,-0.3652171075511223,2d677a067a1c2d45b34ec6a3a6fc01d3eee44ddac0c2613ef63428e472f08d7d,/home/sophgo13/cjl/storage/parameter-importance/runs/stage-b-sst2-reuse-intervention-seed2027
pretrain_high,u_positive,finetuned,global,0.2,24713625,123568128,49,24713625,0.19999999514437897,2027,0.4908256880733945,0.6931471824645996,0.009174317121505737,872.0,0.8291284403669725,0.5038290075752714,0.10338009834353334,0.33830275229357804,0.18931817488932823,-0.09420578122202761,2d677a067a1c2d45b34ec6a3a6fc01d3eee44ddac0c2613ef63428e472f08d7d,/home/sophgo13/cjl/storage/parameter-importance/runs/stage-b-sst2-reuse-intervention-seed2027
finetune_high,u_positive,finetuned,global,0.2,24713625,123568128,49,24713625,0.19999999514437897,2027,0.4908256880733945,0.6931471824645996,0.009174317121505737,872.0,0.8291284403669725,0.5038290075752714,0.10338009834353334,0.33830275229357804,0.18931817488932823,-0.09420578122202761,2d677a067a1c2d45b34ec6a3a6fc01d3eee44ddac0c2613ef63428e472f08d7d,/home/sophgo13/cjl/storage/parameter-importance/runs/stage-b-sst2-reuse-intervention-seed2027
topk_intersection,u_positive,finetuned,global,0.2,24713625,123568128,49,13345723,0.10800295526043738,2027,0.4908256880733945,0.6931471824645996,0.009174317121505737,872.0,0.8291284403669725,0.5038290075752714,0.10338009834353334,0.33830275229357804,0.18931817488932823,-0.09420578122202761,2d677a067a1c2d45b34ec6a3a6fc01d3eee44ddac0c2613ef63428e472f08d7d,/home/sophgo13/cjl/storage/parameter-importance/runs/stage-b-sst2-reuse-intervention-seed2027
pretrain_only,u_positive,finetuned,global,0.2,24713625,123568128,49,11367902,0.09199703988394159,2027,0.8302752293577982,0.5372231110520319,0.10582255426255527,872.0,0.8291284403669725,0.5038290075752714,0.10338009834353334,-0.0011467889908256534,0.03339410347676053,0.002442455919021924,2d677a067a1c2d45b34ec6a3a6fc01d3eee44ddac0c2613ef63428e472f08d7d,/home/sophgo13/cjl/storage/parameter-importance/runs/stage-b-sst2-reuse-intervention-seed2027
pretrain_high,u_positive,unfinetuned,layer_balanced,0.001,123557,123568128,49,123557,0.0009999099444154402,2027,0.4908256880733945,1.057143713356158,0.35519246420291845,872.0,0.4908256880733945,1.1130387739304008,0.37439142467262804,0.0,-0.05589506057424276,-0.01919896046970959,2d677a067a1c2d45b34ec6a3a6fc01d3eee44ddac0c2613ef63428e472f08d7d,/home/sophgo13/cjl/storage/parameter-importance/runs/stage-b-sst2-reuse-intervention-seed2027
pretrain_high,u_positive,finetuned,layer_balanced,0.001,123557,123568128,49,123557,0.0009999099444154402,2027,0.8302752293577982,0.5098359342835365,0.10613259764972005,872.0,0.8291284403669725,0.5038290075752714,0.10338009834353334,-0.0011467889908256534,0.006006926708265081,0.0027524993061867065,2d677a067a1c2d45b34ec6a3a6fc01d3eee44ddac0c2613ef63428e472f08d7d,/home/sophgo13/cjl/storage/parameter-importance/runs/stage-b-sst2-reuse-intervention-seed2027
finetune_high,u_positive,finetuned,layer_balanced,0.001,123557,123568128,49,123557,0.0009999099444154402,2027,0.4908256880733945,0.6931471824645996,0.009174317121505737,872.0,0.8291284403669725,0.5038290075752714,0.10338009834353334,0.33830275229357804,0.18931817488932823,-0.09420578122202761,2d677a067a1c2d45b34ec6a3a6fc01d3eee44ddac0c2613ef63428e472f08d7d,/home/sophgo13/cjl/storage/parameter-importance/runs/stage-b-sst2-reuse-intervention-seed2027
topk_intersection,u_positive,finetuned,layer_balanced,0.001,123557,123568128,49,7991,6.466877931500265e-05,2027,0.8302752293577982,0.5044389399913473,0.10497915823855775,872.0,0.8291284403669725,0.5038290075752714,0.10338009834353334,-0.0011467889908256534,0.0006099324160758757,0.0015990598950244017,2d677a067a1c2d45b34ec6a3a6fc01d3eee44ddac0c2613ef63428e472f08d7d,/home/sophgo13/cjl/storage/parameter-importance/runs/stage-b-sst2-reuse-intervention-seed2027
pretrain_only,u_positive,finetuned,layer_balanced,0.001,123557,123568128,49,115566,0.0009352411651004375,2027,0.8314220183486238,0.5094365083843196,0.1030244042841284,872.0,0.8291284403669725,0.5038290075752714,0.10338009834353334,-0.002293577981651307,0.00560750080904826,-0.0003556940594049429,2d677a067a1c2d45b34ec6a3a6fc01d3eee44ddac0c2613ef63428e472f08d7d,/home/sophgo13/cjl/storage/parameter-importance/runs/stage-b-sst2-reuse-intervention-seed2027
pretrain_high,u_positive,unfinetuned,layer_balanced,0.005,617835,123568128,49,617835,0.004999954357162391,2027,0.5091743119266054,1.139290345918148,0.37912892792987307,872.0,0.4908256880733945,1.1130387739304008,0.37439142467262804,-0.018348623853210955,0.02625157198774719,0.004737503257245035,2d677a067a1c2d45b34ec6a3a6fc01d3eee44ddac0c2613ef63428e472f08d7d,/home/sophgo13/cjl/storage/parameter-importance/runs/stage-b-sst2-reuse-intervention-seed2027
pretrain_high,u_positive,finetuned,layer_balanced,0.005,617835,123568128,49,617835,0.004999954357162391,2027,0.5091743119266054,2.1569352849907832,0.47940880307311157,872.0,0.8291284403669725,0.5038290075752714,0.10338009834353334,0.3199541284403671,1.6531062774155119,0.3760287047295782,2d677a067a1c2d45b34ec6a3a6fc01d3eee44ddac0c2613ef63428e472f08d7d,/home/sophgo13/cjl/storage/parameter-importance/runs/stage-b-sst2-reuse-intervention-seed2027
finetune_high,u_positive,finetuned,layer_balanced,0.005,617835,123568128,49,617835,0.004999954357162391,2027,0.4908256880733945,0.6931471824645996,0.009174317121505737,872.0,0.8291284403669725,0.5038290075752714,0.10338009834353334,0.33830275229357804,0.18931817488932823,-0.09420578122202761,2d677a067a1c2d45b34ec6a3a6fc01d3eee44ddac0c2613ef63428e472f08d7d,/home/sophgo13/cjl/storage/parameter-importance/runs/stage-b-sst2-reuse-intervention-seed2027
topk_intersection,u_positive,finetuned,layer_balanced,0.005,617835,123568128,49,74020,0.0005990217801146911,2027,0.5091743119266054,2.174988169188893,0.48020091510467966,872.0,0.8291284403669725,0.5038290075752714,0.10338009834353334,0.3199541284403671,1.6711591616136217,0.3768208167611463,2d677a067a1c2d45b34ec6a3a6fc01d3eee44ddac0c2613ef63428e472f08d7d,/home/sophgo13/cjl/storage/parameter-importance/runs/stage-b-sst2-reuse-intervention-seed2027
pretrain_only,u_positive,finetuned,layer_balanced,0.005,617835,123568128,49,543815,0.004400932577047699,2027,0.8337155963302753,0.5194627705517165,0.10484455819421679,872.0,0.8291284403669725,0.5038290075752714,0.10338009834353334,-0.004587155963302725,0.015633762976445142,0.0014644598506834416,2d677a067a1c2d45b34ec6a3a6fc01d3eee44ddac0c2613ef63428e472f08d7d,/home/sophgo13/cjl/storage/parameter-importance/runs/stage-b-sst2-reuse-intervention-seed2027
pretrain_high,u_positive,unfinetuned,layer_balanced,0.01,1235670,123568128,49,1235670,0.009999908714324782,2027,0.4908256880733945,0.6933401943346776,0.030495554208755493,872.0,0.4908256880733945,1.1130387739304008,0.37439142467262804,0.0,-0.4196985795957232,-0.34389587046387254,2d677a067a1c2d45b34ec6a3a6fc01d3eee44ddac0c2613ef63428e472f08d7d,/home/sophgo13/cjl/storage/parameter-importance/runs/stage-b-sst2-reuse-intervention-seed2027
pretrain_high,u_positive,finetuned,layer_balanced,0.01,1235670,123568128,49,1235670,0.009999908714324782,2027,0.7672018348623854,0.6737224137017487,0.253243625164032,872.0,0.8291284403669725,0.5038290075752714,0.10338009834353334,0.06192660550458717,0.1698934061264773,0.14986352682049864,2d677a067a1c2d45b34ec6a3a6fc01d3eee44ddac0c2613ef63428e472f08d7d,/home/sophgo13/cjl/storage/parameter-importance/runs/stage-b-sst2-reuse-intervention-seed2027
finetune_high,u_positive,finetuned,layer_balanced,0.01,1235670,123568128,49,1235670,0.009999908714324782,2027,0.4908256880733945,0.6931471824645996,0.009174317121505737,872.0,0.8291284403669725,0.5038290075752714,0.10338009834353334,0.33830275229357804,0.18931817488932823,-0.09420578122202761,2d677a067a1c2d45b34ec6a3a6fc01d3eee44ddac0c2613ef63428e472f08d7d,/home/sophgo13/cjl/storage/parameter-importance/runs/stage-b-sst2-reuse-intervention-seed2027
topk_intersection,u_positive,finetuned,layer_balanced,0.01,1235670,123568128,49,182386,0.0014759954929478255,2027,0.7603211009174312,0.6752364460481416,0.2473849058151245,872.0,0.8291284403669725,0.5038290075752714,0.10338009834353334,0.06880733944954132,0.1714074384728702,0.14400480747159117,2d677a067a1c2d45b34ec6a3a6fc01d3eee44ddac0c2613ef63428e472f08d7d,/home/sophgo13/cjl/storage/parameter-importance/runs/stage-b-sst2-reuse-intervention-seed2027
pretrain_only,u_positive,finetuned,layer_balanced,0.01,1235670,123568128,49,1053284,0.008523913221376956,2027,0.8348623853211009,0.5308901127598701,0.10864361682121282,872.0,0.8291284403669725,0.5038290075752714,0.10338009834353334,-0.005733944954128378,0.0270611051845987,0.005263518477679474,2d677a067a1c2d45b34ec6a3a6fc01d3eee44ddac0c2613ef63428e472f08d7d,/home/sophgo13/cjl/storage/parameter-importance/runs/stage-b-sst2-reuse-intervention-seed2027
pretrain_high,u_positive,unfinetuned,layer_balanced,0.05,6178401,123568128,49,6178401,0.0499999562994108,2027,0.4908256880733945,0.6931471824645996,0.009174317121505737,872.0,0.4908256880733945,1.1130387739304008,0.37439142467262804,0.0,-0.41989159146580124,-0.3652171075511223,2d677a067a1c2d45b34ec6a3a6fc01d3eee44ddac0c2613ef63428e472f08d7d,/home/sophgo13/cjl/storage/parameter-importance/runs/stage-b-sst2-reuse-intervention-seed2027
pretrain_high,u_positive,finetuned,layer_balanced,0.05,6178401,123568128,49,6178401,0.0499999562994108,2027,0.4908256880733945,0.6931471824645996,0.009174317121505737,872.0,0.8291284403669725,0.5038290075752714,0.10338009834353334,0.33830275229357804,0.18931817488932823,-0.09420578122202761,2d677a067a1c2d45b34ec6a3a6fc01d3eee44ddac0c2613ef63428e472f08d7d,/home/sophgo13/cjl/storage/parameter-importance/runs/stage-b-sst2-reuse-intervention-seed2027
finetune_high,u_positive,finetuned,layer_balanced,0.05,6178401,123568128,49,6178401,0.0499999562994108,2027,0.4908256880733945,0.6931471824645996,0.009174317121505737,872.0,0.8291284403669725,0.5038290075752714,0.10338009834353334,0.33830275229357804,0.18931817488932823,-0.09420578122202761,2d677a067a1c2d45b34ec6a3a6fc01d3eee44ddac0c2613ef63428e472f08d7d,/home/sophgo13/cjl/storage/parameter-importance/runs/stage-b-sst2-reuse-intervention-seed2027
topk_intersection,u_positive,finetuned,layer_balanced,0.05,6178401,123568128,49,1430970,0.011580413357075377,2027,0.4908256880733945,0.6931471824645996,0.009174317121505737,872.0,0.8291284403669725,0.5038290075752714,0.10338009834353334,0.33830275229357804,0.18931817488932823,-0.09420578122202761,2d677a067a1c2d45b34ec6a3a6fc01d3eee44ddac0c2613ef63428e472f08d7d,/home/sophgo13/cjl/storage/parameter-importance/runs/stage-b-sst2-reuse-intervention-seed2027
pretrain_only,u_positive,finetuned,layer_balanced,0.05,6178401,123568128,49,4747431,0.03841954294233542,2027,0.8268348623853211,0.5513264770628116,0.10743414850016819,872.0,0.8291284403669725,0.5038290075752714,0.10338009834353334,0.002293577981651418,0.04749746948754019,0.0040540501566348475,2d677a067a1c2d45b34ec6a3a6fc01d3eee44ddac0c2613ef63428e472f08d7d,/home/sophgo13/cjl/storage/parameter-importance/runs/stage-b-sst2-reuse-intervention-seed2027
pretrain_high,u_positive,unfinetuned,layer_balanced,0.1,12356803,123568128,49,12356803,0.0999999206915233,2027,0.4908256880733945,0.6931471824645996,0.009174317121505737,872.0,0.4908256880733945,1.1130387739304008,0.37439142467262804,0.0,-0.41989159146580124,-0.3652171075511223,2d677a067a1c2d45b34ec6a3a6fc01d3eee44ddac0c2613ef63428e472f08d7d,/home/sophgo13/cjl/storage/parameter-importance/runs/stage-b-sst2-reuse-intervention-seed2027
pretrain_high,u_positive,finetuned,layer_balanced,0.1,12356803,123568128,49,12356803,0.0999999206915233,2027,0.4908256880733945,0.6931471824645996,0.009174317121505737,872.0,0.8291284403669725,0.5038290075752714,0.10338009834353334,0.33830275229357804,0.18931817488932823,-0.09420578122202761,2d677a067a1c2d45b34ec6a3a6fc01d3eee44ddac0c2613ef63428e472f08d7d,/home/sophgo13/cjl/storage/parameter-importance/runs/stage-b-sst2-reuse-intervention-seed2027
finetune_high,u_positive,finetuned,layer_balanced,0.1,12356803,123568128,49,12356803,0.0999999206915233,2027,0.4908256880733945,0.6931471824645996,0.009174317121505737,872.0,0.8291284403669725,0.5038290075752714,0.10338009834353334,0.33830275229357804,0.18931817488932823,-0.09420578122202761,2d677a067a1c2d45b34ec6a3a6fc01d3eee44ddac0c2613ef63428e472f08d7d,/home/sophgo13/cjl/storage/parameter-importance/runs/stage-b-sst2-reuse-intervention-seed2027
topk_intersection,u_positive,finetuned,layer_balanced,0.1,12356803,123568128,49,3863826,0.03126879125335621,2027,0.4908256880733945,0.6931471824645996,0.009174317121505737,872.0,0.8291284403669725,0.5038290075752714,0.10338009834353334,0.33830275229357804,0.18931817488932823,-0.09420578122202761,2d677a067a1c2d45b34ec6a3a6fc01d3eee44ddac0c2613ef63428e472f08d7d,/home/sophgo13/cjl/storage/parameter-importance/runs/stage-b-sst2-reuse-intervention-seed2027
pretrain_only,u_positive,finetuned,layer_balanced,0.1,12356803,123568128,49,8492977,0.0687311294381671,2027,0.8291284403669725,0.5467864799936977,0.10545827118591866,872.0,0.8291284403669725,0.5038290075752714,0.10338009834353334,0.0,0.04295747241842629,0.0020781728423853174,2d677a067a1c2d45b34ec6a3a6fc01d3eee44ddac0c2613ef63428e472f08d7d,/home/sophgo13/cjl/storage/parameter-importance/runs/stage-b-sst2-reuse-intervention-seed2027
pretrain_high,u_positive,unfinetuned,layer_balanced,0.2,24713618,123568128,49,24713618,0.19999993849546704,2027,0.4908256880733945,0.6931471824645996,0.009174317121505737,872.0,0.4908256880733945,1.1130387739304008,0.37439142467262804,0.0,-0.41989159146580124,-0.3652171075511223,2d677a067a1c2d45b34ec6a3a6fc01d3eee44ddac0c2613ef63428e472f08d7d,/home/sophgo13/cjl/storage/parameter-importance/runs/stage-b-sst2-reuse-intervention-seed2027
pretrain_high,u_positive,finetuned,layer_balanced,0.2,24713618,123568128,49,24713618,0.19999993849546704,2027,0.4908256880733945,0.6931471824645996,0.009174317121505737,872.0,0.8291284403669725,0.5038290075752714,0.10338009834353334,0.33830275229357804,0.18931817488932823,-0.09420578122202761,2d677a067a1c2d45b34ec6a3a6fc01d3eee44ddac0c2613ef63428e472f08d7d,/home/sophgo13/cjl/storage/parameter-importance/runs/stage-b-sst2-reuse-intervention-seed2027
finetune_high,u_positive,finetuned,layer_balanced,0.2,24713618,123568128,49,24713618,0.19999993849546704,2027,0.4908256880733945,0.6931471824645996,0.009174317121505737,872.0,0.8291284403669725,0.5038290075752714,0.10338009834353334,0.33830275229357804,0.18931817488932823,-0.09420578122202761,2d677a067a1c2d45b34ec6a3a6fc01d3eee44ddac0c2613ef63428e472f08d7d,/home/sophgo13/cjl/storage/parameter-importance/runs/stage-b-sst2-reuse-intervention-seed2027
topk_intersection,u_positive,finetuned,layer_balanced,0.2,24713618,123568128,49,10430492,0.08441086037978984,2027,0.4908256880733945,0.6931471824645996,0.009174317121505737,872.0,0.8291284403669725,0.5038290075752714,0.10338009834353334,0.33830275229357804,0.18931817488932823,-0.09420578122202761,2d677a067a1c2d45b34ec6a3a6fc01d3eee44ddac0c2613ef63428e472f08d7d,/home/sophgo13/cjl/storage/parameter-importance/runs/stage-b-sst2-reuse-intervention-seed2027
pretrain_only,u_positive,finetuned,layer_balanced,0.2,24713618,123568128,49,14283126,0.1155890781156772,2027,0.8256880733944955,0.5560880650620942,0.1175468606411854,872.0,0.8291284403669725,0.5038290075752714,0.10338009834353334,0.0034403669724770714,0.0522590574868228,0.014166762297652055,2d677a067a1c2d45b34ec6a3a6fc01d3eee44ddac0c2613ef63428e472f08d7d,/home/sophgo13/cjl/storage/parameter-importance/runs/stage-b-sst2-reuse-intervention-seed2027
