state_id,phase,rule,scope,group_count,absolute_bias,relative_l1_bias,mean_estimate_mse,spearman,topk_overlap,dominance_fraction,nonzero_reference_fraction,nonzero_spearman,relative_error_p50,relative_error_p90,relative_error_p95,relative_error_p99
step-000000,early,left,parameter,14067712,2.7625002042855726e-08,0.35739731185919027,2.464428831359747e-14,0.7470777997649325,0.8638954997682639,5.0775137758282416e-05,0.5426918037560052,0.7263328974102214,0.559154456356509,2.601609395246939,5.461164853088462,27.162358360324806
step-000000,early,left,layer,9,0.012009581719344964,0.41597104254681405,0.00023308305858449032,0.9833333333333333,1.0,0.1942593409007597,1.0,0.9833333333333333,0.42488926833628127,0.5605447801583784,0.5751609795246564,0.5868539390176789
step-000000,early,left,module,9,0.012009581719344966,0.4159710425468141,0.0005018683075038799,1.0,1.0,0.5381186365299402,1.0,1.0,0.4326941574758294,0.5340107130848123,0.5436236967800259,0.5513140837361966
step-000000,early,trapezoid,parameter,14067712,5.99697162322867e-09,0.07758557027843058,1.044297112970079e-15,0.9722673254763783,0.9738934240943096,5.806042412637256e-05,0.5426918037560052,0.9832221595923689,0.08234768147685428,0.44153406554612523,0.9173090487535582,4.711520762523965
step-000000,early,trapezoid,layer,9,0.0008565278284738424,0.02966720924232622,1.0778836197134083e-06,1.0,1.0,0.18463718329292797,1.0,1.0,0.028557530014936324,0.046364833582073044,0.04889351367344207,0.0509164577465373
step-000000,early,trapezoid,module,9,0.0008565278284738347,0.029667209242325954,1.8855206092597574e-06,1.0,1.0,0.5255906047912914,1.0,1.0,0.02998860555090292,0.04083447311366897,0.04254867490172537,0.04392003633217049
step-000000,early,simpson,parameter,14067712,3.049384093254585e-10,0.00394512795352793,3.1553466751443624e-18,0.9993560271776865,0.9985171726477354,5.983147975690911e-05,0.5426918037560052,0.9997820250162104,0.0024852224569059853,0.013865830680077044,0.028290282138456694,0.13977740441896963
step-000000,early,simpson,layer,9,0.00017039193296130935,0.0059017967196403395,5.085499515101057e-08,1.0,1.0,0.18286813215344583,1.0,1.0,0.006011730990891851,0.010043012859978356,0.011832424440274736,0.013263953704511843
step-000000,early,simpson,module,9,0.00017039193296130588,0.00590179671964022,1.0359523545353986e-07,1.0,1.0,0.5229877002972486,1.0,1.0,0.0064761812904580995,0.009045774926311598,0.011333805473441356,0.013164229911145168
step-000000,early,gauss_legendre,parameter,14067712,0.0,0.0,0.0,0.9999999999999999,1.0,5.971882802430143e-05,0.5426918037560052,1.0,0.0,0.0,0.0,0.0
step-000000,early,gauss_legendre,layer,9,0.0,0.0,0.0,1.0,1.0,0.18318298452560242,1.0,1.0,0.0,0.0,0.0,0.0
step-000000,early,gauss_legendre,module,9,0.0,0.0,0.0,1.0,1.0,0.523332379882602,1.0,1.0,0.0,0.0,0.0,0.0
step-000001,early,left,parameter,14067712,8.938802615754995e-09,0.2655616307772159,3.0635895444971894e-15,0.920506856968329,0.8985635198880843,0.00012610069192224712,0.5444016056058014,0.9412018174181891,0.21274830311362775,1.2594437140230201,2.586726142466592,9.604206435818694
step-000001,early,left,layer,9,0.0068675315545604285,0.4519373480498243,6.770344636893034e-05,1.0,1.0,0.24866448902315647,1.0,1.0,0.5545030131512045,0.9902562995475804,1.0309836628353062,1.063565553465487
step-000001,early,left,module,9,0.006867531554560434,0.4519373480498247,0.00014272145488907568,0.9333333333333332,0.0,0.3795397327147122,1.0,0.9333333333333332,0.7167841862870018,0.8773774545752022,0.9204045272169418,0.9548261853303335
step-000001,early,trapezoid,parameter,14067712,1.1394984467199205e-09,0.033853199224434104,4.7799073919748e-17,0.9938657797590201,0.9851532444489939,0.00012937034463885426,0.5444016056058014,0.996022942454437,0.0203091837785139,0.11038195099776608,0.2353645526576463,1.0019228238594318
step-000001,early,trapezoid,layer,9,0.0007432398806659334,0.04891100360652507,7.688283446796611e-07,1.0,1.0,0.3369021512062418,1.0,1.0,0.04595502478921474,0.12691263616839038,0.1376128953263414,0.14617310265270225
step-000001,early,trapezoid,module,9,0.0007432398806659345,0.04891100360652515,1.7248456488413983e-06,1.0,1.0,0.3369021512062418,1.0,1.0,0.06745695848518649,0.09708837824345494,0.10783547786579355,0.11643315756366444
step-000001,early,simpson,parameter,14067712,1.1283969059331784e-11,0.0003352338510925599,4.723682242975581e-21,0.9999612150200817,0.9998521437731203,0.00013025589314999357,0.5444016056058014,0.9999990675082545,0.00014346281594982145,0.0008705773697175896,0.0017832875690734099,0.008253991971668644
step-000001,early,simpson,layer,9,4.460923411390819e-06,0.0002935636888422545,3.557561078185683e-11,1.0,1.0,0.35435858995610753,1.0,1.0,0.0003390160991352366,0.0005309173205841249,0.0005374229912242889,0.0005426275277364202
step-000001,early,simpson,module,9,4.460923411391011e-06,0.00029356368884226724,5.0012611786321094e-11,1.0,1.0,0.3543585899561076,1.0,1.0,0.00038503126923955137,0.0006038541995164821,0.0006499026711039089,0.0006867414483738504
step-000001,early,gauss_legendre,parameter,14067712,0.0,0.0,0.0,0.9999999999999999,1.0,0.00013025590361136685,0.5444016056058014,1.0,0.0,0.0,0.0,0.0
step-000001,early,gauss_legendre,layer,9,0.0,0.0,0.0,1.0,1.0,0.3542668167824719,1.0,1.0,0.0,0.0,0.0,0.0
step-000001,early,gauss_legendre,module,9,0.0,0.0,0.0,1.0,1.0,0.354266816782472,1.0,1.0,0.0,0.0,0.0,0.0
step-000002,early,left,parameter,14067712,4.709233283069978e-09,0.210471277509744,9.87578799077856e-16,0.9493527396461506,0.9084514050606637,0.00023775416753217535,0.5447835440475324,0.9575168874828306,0.17956878703385132,0.9256599938768892,2.3461496244232207,28.766756476557784
step-000002,early,left,layer,9,0.003388581222192282,0.49207688534617733,1.6328297862802582e-05,0.8666666666666667,1.0,0.5781348127514778,1.0,0.8666666666666667,2.0162865636138902,14.80070710020516,19.828781369192473,23.851240784382334
step-000002,early,left,module,9,0.0033885812221922827,0.45636006255632916,2.97033859905534e-05,0.5666666666666667,1.0,0.5781348127514777,1.0,0.5666666666666667,2.7013870241503146,21.51326028479237,44.71678205184308,63.27959946548369
step-000002,early,trapezoid,parameter,14067712,4.708800453268181e-10,0.021045193290822342,9.219333426871899e-18,0.9943348068257332,0.9907447688751269,0.00025011487586317605,0.5447835440475324,0.998401021565384,0.012205167622413485,0.07538742543628342,0.18665568571256602,1.6083931797655773
step-000002,early,trapezoid,layer,9,0.00035113790774586877,0.05099091231426172,1.6925557808523928e-07,0.9666666666666667,1.0,0.7981619669107903,1.0,0.9666666666666667,0.20136386371577028,1.4975430739533475,2.1604707777700933,2.6908129408234913
step-000002,early,trapezoid,module,9,0.0003511379077458684,0.047289796831586774,3.3141596263210236e-07,1.0,1.0,0.7585223643148242,1.0,1.0,0.2945652852550446,2.2600029964258703,4.722241551318188,6.6920323952320455
step-000002,early,simpson,parameter,14067712,3.324351882782354e-12,0.00014857632773821703,4.793180787067261e-22,0.9999670134726513,0.9999303369700279,0.00025069196162648703,0.5447835440475324,0.9999998441866234,5.5226432034737754e-05,0.0003683567265122829,0.0009960618387323812,0.007944883953129154
step-000002,early,simpson,layer,9,2.5032029393828845e-06,0.00036350561637239407,9.630788886049734e-12,1.0,1.0,0.8330800423051075,1.0,1.0,0.001569530477524148,0.010649794636275684,0.014233330122354153,0.017100158511216938
step-000002,early,simpson,module,9,2.5032029393831615e-06,0.0003371209881370417,1.6370672755736614e-11,1.0,1.0,0.7724866679609165,1.0,1.0,0.001962750547733515,0.015344486083288008,0.03208063147665776,0.0454695477913536
step-000002,early,gauss_legendre,parameter,14067712,0.0,0.0,0.0,1.0,1.0,0.00025069045536771974,0.5447835440475324,0.9999999999999998,0.0,0.0,0.0,0.0
step-000002,early,gauss_legendre,layer,9,0.0,0.0,0.0,1.0,1.0,0.8328616585176547,1.0,1.0,0.0,0.0,0.0,0.0
step-000002,early,gauss_legendre,module,9,0.0,0.0,0.0,1.0,1.0,0.7724093732110465,1.0,1.0,0.0,0.0,0.0,0.0
step-000003,early,left,parameter,14067712,3.0378739775418292e-09,0.12757228001723084,4.806518682663736e-16,0.9525416508296645,0.9370885971571797,0.00025426532210742655,0.5440462528661377,0.9791022441653989,0.1151485644455098,0.7028702946779299,1.6297021613146836,8.204596680468622
step-000003,early,left,layer,9,0.001333301858140019,0.1733662998516445,2.631131483645496e-06,0.8666666666666667,1.0,0.8463844246680268,1.0,0.8666666666666667,0.7264785801507796,1.549363444711828,1.6950789911774085,1.811651428349873
step-000003,early,left,module,9,0.0013333018581400185,0.19127361012378222,4.7270287060033716e-06,0.5833333333333334,1.0,0.8597180707187755,1.0,0.5833333333333334,0.9298156081767217,6.295598400511968,10.106286305378722,13.154836629272134
step-000003,early,trapezoid,parameter,14067712,2.115126165739916e-10,0.008882246909593175,2.1403795123359782e-18,0.9976935540621166,0.9954960718581263,0.0002549854393197835,0.5440462528661377,0.9996249749924492,0.006430715032038488,0.03681615520896418,0.09413616642050443,0.491843707328838
step-000003,early,trapezoid,layer,9,0.0001390130681644333,0.018075562642890515,2.6110970805884e-08,1.0,1.0,0.8365648908054814,1.0,1.0,0.071142223485033,0.15224107800397255,0.1637378224188862,0.17293521795081715
step-000003,early,trapezoid,module,9,0.0001390130681644333,0.019942619324994772,4.592362921223667e-08,0.8833333333333333,1.0,0.9219311729553241,1.0,0.8833333333333333,0.08355756320971552,0.6033783418498508,0.9835198182049871,1.287632999289097
step-000003,early,simpson,parameter,14067712,7.82488009123935e-13,3.28597499922821e-05,2.9256304462228125e-23,0.9999916373161016,0.9999829396661293,0.0002552639844639538,0.5440462528661377,0.9999999913980757,1.5633963089390387e-05,0.00010473535237419179,0.00025495911839486414,0.0012954227411994628
step-000003,early,simpson,layer,9,5.388960426997604e-07,7.007146383031586e-05,4.228206208089681e-13,1.0,1.0,0.8310611810209921,1.0,1.0,0.0003247052691024548,0.0006230937791638888,0.000692554423263215,0.000748122938542676
step-000003,early,simpson,module,9,5.388960427000012e-07,7.730926866961915e-05,7.374518175510928e-13,1.0,1.0,0.9168919091064464,1.0,1.0,0.00038762105208831375,0.002543170693878704,0.003938782486552528,0.00505527192069159
step-000003,early,gauss_legendre,parameter,14067712,0.0,0.0,0.0,1.0,1.0,0.00025526395966700096,0.5440462528661377,0.9999999999999998,0.0,0.0,0.0,0.0
step-000003,early,gauss_legendre,layer,9,0.0,0.0,0.0,1.0,1.0,0.8310853817521281,1.0,1.0,0.0,0.0,0.0,0.0
step-000003,early,gauss_legendre,module,9,0.0,0.0,0.0,1.0,1.0,0.9169296537150696,1.0,1.0,0.0,0.0,0.0,0.0
step-000004,early,left,parameter,14067712,2.080108398864732e-09,0.13502113654911765,2.197200668026953e-16,0.9735703548228936,0.9328121401335824,0.0002651980377379787,0.544873963868467,0.9801264956319745,0.11029634426512988,0.46126899342119715,0.7635767138228071,3.73507346193136
step-000004,early,left,layer,9,0.0012549564212671375,0.16750552448733028,2.389313232219881e-06,0.7333333333333334,1.0,0.8841731768165394,1.0,0.7333333333333334,1.0434696112820574,20.3196164195678,37.36603551000154,51.003170782348555
step-000004,early,left,module,9,0.0012549564212671373,0.1717201210306461,4.243829428435476e-06,0.4666666666666666,1.0,0.8762773104326241,1.0,0.4666666666666666,0.7913170565398402,10.461717195505358,20.255341481287974,28.090240909914087
step-000004,early,trapezoid,parameter,14067712,1.4674554223187657e-10,0.009525344884179276,1.0503288491811934e-18,0.9990217725372346,0.995238745155576,0.0002662158042674187,0.544873963868467,0.99965085913429,0.00504836283475703,0.026241587237060424,0.04618700466385459,0.22702319685318997
step-000004,early,trapezoid,layer,9,0.00012796649034999853,0.01708034934092472,2.218618251653418e-08,1.0,1.0,0.9033727700590618,1.0,1.0,0.10460703565635374,1.7106604639251737,3.0722576931261814,4.161535476486989
step-000004,early,trapezoid,module,9,0.00012796649034999886,0.017510106995254147,3.729843361697929e-08,0.9833333333333333,1.0,0.9287097186221992,1.0,0.9833333333333333,0.0745193327000201,0.9348418344413134,1.7814303481687803,2.4587011591507553
step-000004,early,simpson,parameter,14067712,3.9872440871704367e-13,2.5881450632203853e-05,7.18568813913079e-24,0.9999940231860036,0.99998151797164,0.00026601304598894334,0.544873963868467,0.9999999965037331,9.345382101794493e-06,5.618315876463052e-05,0.00010780755861589449,0.0005638749484733216
step-000004,early,simpson,layer,9,2.7007784595576954e-07,3.604868700823167e-05,1.0417056493398791e-13,1.0,1.0,0.8984121516383016,1.0,1.0,0.00021832774172504704,0.004160927776378746,0.007902978322964323,0.010896618760232792
step-000004,early,simpson,module,9,2.7007784595569125e-07,3.695570587891772e-05,1.721077387201441e-13,1.0,1.0,0.921019684564919,1.0,1.0,0.00018765280142089643,0.0020663816468905237,0.004084790890076535,0.0056995182846253465
step-000004,early,gauss_legendre,parameter,14067712,0.0,0.0,0.0,1.0,1.0,0.00026601389018467,0.544873963868467,0.9999999999999998,0.0,0.0,0.0,0.0
step-000004,early,gauss_legendre,layer,9,0.0,0.0,0.0,1.0,1.0,0.8984317687755998,1.0,1.0,0.0,0.0,0.0,0.0
step-000004,early,gauss_legendre,module,9,0.0,0.0,0.0,1.0,1.0,0.9210371570974231,1.0,1.0,0.0,0.0,0.0,0.0
step-000006,early,left,parameter,14067712,1.1605328213713334e-09,0.07060519162511183,9.591557702555473e-17,0.9772922629529823,0.9580856030685854,0.00029516081718841187,0.5443552583390959,0.9912989968840132,0.06631396298792397,0.29247904312012946,0.6084750384837567,4.8253160598730505
step-000006,early,left,layer,9,0.0004944908751832708,0.05478083909870959,3.21649501558226e-07,1.0,1.0,0.7128974401820586,1.0,1.0,0.11517390032849813,0.48732143687233426,0.6216333288010757,0.7290828423440692
step-000006,early,left,module,9,0.0004944908751832715,0.055926936116832915,6.107742634786398e-07,1.0,1.0,0.7404134663610729,1.0,1.0,0.10855174128624025,0.26011123235672573,0.3725068408056619,0.462423327564811
step-000006,early,trapezoid,parameter,14067712,4.587320960545345e-11,0.002790861830882783,1.1625592418422116e-19,0.9993109651933315,0.9984404011453171,0.00028925736894005175,0.5443552583390959,0.9999619000274778,0.0018772950490755884,0.008947511799638087,0.018441902306349178,0.14275911666660424
step-000006,early,trapezoid,layer,9,2.8096759657478967e-05,0.0031126238060935245,1.240613484824096e-09,1.0,1.0,0.6878315646163158,1.0,1.0,0.007500470690011022,0.0088700675441319,0.008973781597568183,0.00905675284031721
step-000006,early,trapezoid,module,9,2.809675965747968e-05,0.003177744547604613,1.626785886245444e-09,1.0,1.0,0.7023761831771675,1.0,1.0,0.00546199560028326,0.011216056056894644,0.01608152196161922,0.019973894685398893
step-000006,early,simpson,parameter,14067712,4.5992336695214537e-14,2.7981093561965307e-06,9.846208082979728e-26,0.9999940336753511,0.9999971566110215,0.0002891003576649529,0.5443552583390959,0.9999999999455796,1.2543342736868327e-06,7.188718322715137e-06,1.5814728406509295e-05,0.00010532384683723735
step-000006,early,simpson,layer,9,2.8528540892025692e-08,3.160457526638478e-06,1.2635440251276078e-15,1.0,1.0,0.686497376406841,1.0,1.0,8.906897306859016e-06,1.981693676761663e-05,2.435682956019252e-05,2.7988743794253243e-05
step-000006,early,simpson,module,9,2.8528540889242908e-08,3.226579020750997e-06,2.1596945733349333e-15,1.0,1.0,0.7008594676941672,1.0,1.0,7.11635581065428e-06,1.5334164904175333e-05,2.2732753218722693e-05,2.8651623870360595e-05
step-000006,early,gauss_legendre,parameter,14067712,0.0,0.0,0.0,0.9999999999999999,1.0,0.0002891004917328317,0.5443552583390959,1.0,0.0,0.0,0.0,0.0
step-000006,early,gauss_legendre,layer,9,0.0,0.0,0.0,1.0,1.0,0.6864991164419102,1.0,1.0,0.0,0.0,0.0,0.0
step-000006,early,gauss_legendre,module,9,0.0,0.0,0.0,1.0,1.0,0.7008617038582984,1.0,1.0,0.0,0.0,0.0,0.0
step-000008,middle,left,parameter,14067712,6.718836620005081e-10,0.06088007498656326,3.899088422482136e-17,0.9905699190239617,0.9657869221167324,0.0003268705715046165,0.5447098291463459,0.9942620973472582,0.04549007732009374,0.1783330869391018,0.34837889404774214,1.547908506827602
step-000008,middle,left,layer,9,0.0003868696302602948,0.05456687480463605,1.9537360181439266e-07,0.8499999999999999,1.0,0.865993081550936,1.0,0.8499999999999999,0.6374003514858065,3.0130554723669962,5.313213895393569,7.153340633814832
step-000008,middle,left,module,9,0.00038686963026029455,0.0537203262982972,3.542892441200215e-07,0.8499999999999999,1.0,0.8659930815509361,1.0,0.8499999999999999,0.4740831741390451,1.7418337855747723,2.016535040545357,2.2362960445218256
step-000008,middle,trapezoid,parameter,14067712,2.3880037557771233e-11,0.00216379495353462,3.187123264864067e-20,0.9997370395140851,0.9987929813786456,0.0003268381084273005,0.5447098291463459,0.9999807470454977,0.0011066365833420709,0.005406828181745269,0.01150185689153387,0.06157202333680481
step-000008,middle,trapezoid,layer,9,1.1760732788540088e-05,0.001658818329190801,2.470873173690475e-10,1.0,1.0,0.9072749956477557,1.0,1.0,0.004563369662789584,0.07634254046254012,0.1257329297467904,0.1652452411741907
step-000008,middle,trapezoid,module,9,1.096686064639099e-05,0.0015228471978937445,2.622613154814319e-10,1.0,1.0,0.893977221620855,1.0,1.0,0.005505161934721782,0.055301236525222564,0.05710854511767868,0.058554391991643584
step-000008,middle,simpson,parameter,14067712,1.5041529946489773e-14,1.3629286182199825e-06,1.168351837802696e-26,0.9999944108181584,1.0,0.0003267945774587411,0.5447098291463459,0.9999999999889432,4.4558553950160367e-07,2.6956002412861726e-06,6.4207665936686654e-06,3.694878910268567e-05
step-000008,middle,simpson,layer,9,9.722631428524687e-09,1.3713498564748311e-06,1.3791033406652905e-16,1.0,1.0,0.9081956321830869,1.0,1.0,1.4311875241925296e-05,8.016131634873651e-05,0.00014026106337903412,0.00018834086100327234
step-000008,middle,simpson,module,9,9.722631428506616e-09,1.3500747847951719e-06,2.329585986247264e-16,1.0,1.0,0.8941051631147666,1.0,1.0,1.1746885260745418e-05,5.1766429715249114e-05,5.700426394343023e-05,6.119453132597512e-05
step-000008,middle,gauss_legendre,parameter,14067712,0.0,0.0,0.0,1.0,1.0,0.0003267945962325969,0.5447098291463459,0.9999999999999998,0.0,0.0,0.0,0.0
step-000008,middle,gauss_legendre,layer,9,0.0,0.0,0.0,1.0,1.0,0.9081944398087427,1.0,1.0,0.0,0.0,0.0,0.0
step-000008,middle,gauss_legendre,module,9,0.0,0.0,0.0,1.0,1.0,0.8941047443801896,1.0,1.0,0.0,0.0,0.0,0.0
step-000010,middle,left,parameter,14067712,5.120815226116929e-10,0.04443209413750472,2.5694765662563954e-17,0.9908897335582345,0.975319383667005,0.000493794962099036,0.5448269057541126,0.9963857109653017,0.032954437865795425,0.1418292858365974,0.3539726422675144,1.9027641467796734
step-000010,middle,left,layer,9,0.0002786343948716228,0.03674835880666838,1.0278943929570742e-07,0.8166666666666667,1.0,0.7761215499801638,1.0,0.8166666666666667,0.11820960304872903,0.7343539280823492,0.8489238438649559,0.9405797764910415
step-000010,middle,left,module,9,0.0002786343948716231,0.03674835880666842,1.8364816518021224e-07,1.0,1.0,0.7761215499801639,1.0,1.0,0.11347439816638076,0.18066092056025035,0.2183204368457825,0.24844804987420827
step-000010,middle,trapezoid,parameter,14067712,1.4119627334060008e-11,0.001225126436302144,1.2969601845581477e-20,0.9997962129809536,0.9993062130892568,0.0004917973800332336,0.5448269057541126,0.99999318270547,0.0006718672944175084,0.0037491470136435273,0.009563942713356624,0.04979564524076223
step-000010,middle,trapezoid,layer,9,7.205315137890116e-06,0.0009502900965413865,8.471155669943751e-11,1.0,1.0,0.7998231306073021,1.0,1.0,0.0015826296264025064,0.02060140567143396,0.023002658038246068,0.024923659931695756
step-000010,middle,trapezoid,module,9,6.979426486981589e-06,0.0009204982354261592,1.0869493409400418e-10,1.0,1.0,0.799823130607302,1.0,1.0,0.0017401616837875872,0.003654698358494307,0.004467470033019336,0.005117687372639361
step-000010,middle,simpson,parameter,14067712,5.612585364912905e-15,4.869906651126981e-07,2.8068747638018606e-27,0.9999959996085654,0.9999985783055108,0.0004914659928369815,0.5448269057541126,0.999999999998702,2.6445890204531554e-07,1.15612387351228e-06,2.838072286862528e-06,1.488613764333005e-05
step-000010,middle,simpson,layer,9,2.7645010626390146e-09,3.6460278716876e-07,1.1899225490382955e-17,1.0,1.0,0.8003929606906179,1.0,1.0,1.021703858784378e-06,9.493506197957647e-06,1.1101772493398277e-05,1.2388385529750784e-05
step-000010,middle,simpson,module,9,2.7645010612295517e-09,3.646027869828697e-07,1.908733833143276e-17,1.0,1.0,0.8003929606906177,1.0,1.0,9.045418753525626e-07,1.945700867008575e-06,2.247760436185702e-06,2.4894080915274047e-06
step-000010,middle,gauss_legendre,parameter,14067712,0.0,0.0,0.0,1.0,1.0,0.0004914660189324176,0.5448269057541126,1.0,0.0,0.0,0.0,0.0
step-000010,middle,gauss_legendre,layer,9,0.0,0.0,0.0,1.0,1.0,0.8003926856022309,1.0,1.0,0.0,0.0,0.0,0.0
step-000010,middle,gauss_legendre,module,9,0.0,0.0,0.0,1.0,1.0,0.8003926856022309,1.0,1.0,0.0,0.0,0.0,0.0
step-000012,middle,left,parameter,14067712,2.8024020064417023e-10,0.03326664361873161,7.932354796141392e-18,0.9941015104334442,0.9773396115361977,0.00031118062212291805,0.5443636463413525,0.9979478066254808,0.02617296256121159,0.11412629313517707,0.2143349024632181,1.044875937675
step-000012,middle,left,layer,9,0.00016846858171439124,0.026407619663212593,3.7431408318806794e-08,1.0,1.0,0.9105090150762327,1.0,1.0,0.29497895446477596,0.7621304261701654,0.9447285948465695,1.0908071297876931
step-000012,middle,left,module,9,0.0001684685817143912,0.027377809401193873,6.558762067422806e-08,0.8499999999999999,1.0,0.9376093155931716,1.0,0.8499999999999999,0.4324529276106979,3.098925337227304,3.4417415637758686,3.715994545014721
step-000012,middle,trapezoid,parameter,14067712,5.940957282801856e-12,0.0007052368226499442,2.2995962720950727e-21,0.9999112331479499,0.999469707955518,0.00030995555044816805,0.5443636463413525,0.9999980563347496,0.0004327759476325655,0.00208504725957835,0.004088198847525343,0.02191660261857844
step-000012,middle,trapezoid,layer,9,4.455816018290106e-06,0.0006984536434202309,3.343200496893678e-11,1.0,1.0,0.8939108676911062,1.0,1.0,0.006673953251873669,0.015146414424532365,0.018008374764429846,0.020297943036347833
step-000012,middle,trapezoid,module,9,4.4558160182900385e-06,0.0007241141370937914,4.3687773175953815e-11,1.0,1.0,0.9268199345319913,1.0,1.0,0.011181040346608922,0.07183544170233327,0.08197147596096002,0.09008030336786144
step-000012,middle,simpson,parameter,14067712,2.7847419453435513e-15,3.305700525939316e-07,1.2525288194171804e-27,0.999996650399598,0.9999985783055108,0.00030991696072334173,0.5443636463413525,0.9999999999996337,2.1845199961494195e-07,6.792503581724875e-07,1.264439717957569e-06,7.019452518998293e-06
step-000012,middle,simpson,layer,9,1.197142631734494e-09,1.8765331185049878e-07,2.1470526997507412e-18,1.0,1.0,0.8935484781680805,1.0,1.0,2.375007450623286e-06,5.578930052186147e-06,7.309346970158547e-06,8.69368050453647e-06
step-000012,middle,simpson,module,9,1.1971426317570815e-09,1.9454750829358487e-07,3.5438021689609136e-18,1.0,1.0,0.926376536937961,1.0,1.0,3.829779788604724e-06,2.7677134627323595e-05,2.829877626007485e-05,2.879608956627586e-05
step-000012,middle,gauss_legendre,parameter,14067712,0.0,0.0,0.0,1.0,1.0,0.00030991694089817576,0.5443636463413525,0.9999999999999998,0.0,0.0,0.0,0.0
step-000012,middle,gauss_legendre,layer,9,0.0,0.0,0.0,1.0,1.0,0.8935486148254129,1.0,1.0,0.0,0.0,0.0,0.0
step-000012,middle,gauss_legendre,module,9,0.0,0.0,0.0,1.0,1.0,0.9263767041249066,1.0,1.0,0.0,0.0,0.0,0.0
step-000014,middle,left,parameter,14067712,3.267136089938356e-10,0.051261750872779295,8.161866780624597e-18,0.9887495575593873,0.9672029298280034,0.00048573619225524077,0.5450265117739118,0.9943283635432143,0.02772682927734345,0.15857364525256884,0.4180016943322927,2.5226023318207136
step-000014,middle,left,layer,9,0.00023497656996519895,0.05256263770495446,7.682934273712815e-08,0.9333333333333332,1.0,0.9049859350362629,1.0,0.9333333333333332,1.1926416274036535,3.1998420516191395,3.3837980625439235,3.5309628712837506
step-000014,middle,left,module,9,0.00023497656996519895,0.053086581881850316,1.3771372388925496e-07,0.8333333333333333,1.0,0.9049859350362629,1.0,0.8333333333333333,1.024118255418016,3.935988329663696,5.682351668664064,7.079442339864362
step-000014,middle,trapezoid,parameter,14067712,6.83220279366971e-12,0.001071980682408646,2.536443999007894e-21,0.9998096614068439,0.9993303818955737,0.00048765730495418545,0.5450265117739118,0.9999945089970913,0.0004129057343891005,0.0031886772783429056,0.00801291765092096,0.046720305760046266
step-000014,middle,trapezoid,layer,9,3.1904349850777802e-06,0.000713678296805047,1.6341198138640675e-11,1.0,1.0,0.9224389573882523,1.0,1.0,0.01729232377959474,0.03233985666105695,0.036855472717737287,0.04046796556308156
step-000014,middle,trapezoid,module,9,3.1927876345039295e-06,0.0007213237567284043,2.305951818240775e-11,1.0,1.0,0.9312746532305692,1.0,1.0,0.0018757255475211688,0.051136703787092584,0.06597019034968957,0.07783697959976717
step-000014,middle,simpson,parameter,14067712,2.986836585625755e-15,4.686381856622907e-07,1.0961337177519249e-27,0.9999936643991642,1.0,0.00048758505611208217,0.5450265117739118,0.9999999999991074,2.2788627221641976e-07,9.531014264592739e-07,2.2936363151825255e-06,1.2412028389336521e-05
step-000014,middle,simpson,layer,9,1.3895021247725874e-09,3.1082203976976455e-07,2.5504807754177264e-18,1.0,1.0,0.9222510739715148,1.0,1.0,6.2042310339554016e-06,1.712825942105481e-05,1.7327305278298275e-05,1.7486541964093044e-05
step-000014,middle,simpson,module,9,1.3895021247680698e-09,3.1392031270364484e-07,4.174568755434517e-18,1.0,1.0,0.9314442378143764,1.0,1.0,4.198421777910504e-06,2.3222542144933678e-05,3.106117964772693e-05,3.733208964996155e-05
step-000014,middle,gauss_legendre,parameter,14067712,0.0,0.0,0.0,1.0,1.0,0.0004875851147222972,0.5450265117739118,1.0,0.0,0.0,0.0,0.0
step-000014,middle,gauss_legendre,layer,9,0.0,0.0,0.0,1.0,1.0,0.9222511349215126,1.0,1.0,0.0,0.0,0.0,0.0
step-000014,middle,gauss_legendre,module,9,0.0,0.0,0.0,1.0,1.0,0.9314441307998792,1.0,1.0,0.0,0.0,0.0,0.0
step-000016,middle,left,parameter,14067712,1.7042511471522441e-10,0.03195266769960083,2.7562299818868076e-18,0.9958381122329062,0.979874492810491,0.00043738646647002483,0.5450158490591789,0.9976512533374254,0.018779442220674722,0.09403090119760663,0.17585419425962712,0.7750553402196393
step-000016,middle,left,layer,9,0.0001267280972104165,0.027391718990370663,1.9423971737671878e-08,0.9666666666666667,1.0,0.8477365178699385,1.0,0.9666666666666667,0.17432117125263727,0.4906489372570273,0.5718025280099281,0.6367254006122489
step-000016,middle,left,module,9,0.00012672809721041582,0.027391718990370517,3.457825039227947e-08,0.9833333333333333,1.0,0.8477365178699389,1.0,0.9833333333333333,0.16708132039547088,1.6831789328847637,2.5490235034304374,3.2416991598669775
step-000016,middle,trapezoid,parameter,14067712,2.5035555753966333e-12,0.0004693866834228127,3.536333034181555e-22,0.9999456144494868,0.9997327214360252,0.00043894160694012607,0.5450158490591789,0.9999989486218792,0.00016764978440651725,0.0012179790401591383,0.002648245326164744,0.013572673392515536
step-000016,middle,trapezoid,layer,9,1.0011974431097956e-06,0.00021640440927639021,2.2738819782470332e-12,1.0,1.0,0.8671571742835934,1.0,1.0,0.00040921676322735974,0.0019958913569731685,0.0020056377433377843,0.0020134348524294765
step-000016,middle,trapezoid,module,9,6.903800355040935e-07,0.00014922259818745133,1.8220414706903743e-12,1.0,1.0,0.8671571742835933,1.0,1.0,0.0005432846827688119,0.0010577502466577343,0.0012056377849609826,0.0013239478156035814
step-000016,middle,simpson,parameter,14067712,1.3964690916697773e-15,2.618212281297161e-07,5.95093157012804e-28,0.9999963933871301,1.0,0.00043885569998287785,0.5450158490591789,0.9999999999997988,2.030765762846161e-07,5.6194097672619e-07,8.374035361283737e-07,4.3677869740639835e-06
step-000016,middle,simpson,layer,9,2.0029268588374455e-10,4.32923802086658e-08,1.9986075610721516e-19,1.0,1.0,0.8671208301825659,1.0,1.0,8.08724300908539e-08,3.186544977656976e-07,3.293430272342591e-07,3.378938508091084e-07
step-000016,middle,simpson,module,9,1.7853668237278845e-10,3.858991605396339e-08,1.9883934798076844e-19,1.0,1.0,0.8671208301825659,1.0,1.0,3.598754085947473e-08,1.1003764149364956e-06,2.0484315679054897e-06,2.8068756902806867e-06
step-000016,middle,gauss_legendre,parameter,14067712,0.0,0.0,0.0,1.0,1.0,0.0004388557159783769,0.5450158490591789,1.0,0.0,0.0,0.0,0.0
step-000016,middle,gauss_legendre,layer,9,0.0,0.0,0.0,1.0,1.0,0.867120822685615,1.0,1.0,0.0,0.0,0.0,0.0
step-000016,middle,gauss_legendre,module,9,0.0,0.0,0.0,1.0,1.0,0.867120822685615,1.0,1.0,0.0,0.0,0.0,0.0
step-000018,middle,left,parameter,14067712,1.333738384812309e-10,0.030875056608642454,1.810186676778754e-18,0.9963346992600943,0.9802967360737916,0.0004638448964793893,0.5448698409521037,0.9978222535788644,0.016608074683624484,0.07364754980590726,0.14429583816807687,0.6619439697260208
step-000018,middle,left,layer,9,9.706061261790489e-05,0.02513685273909876,1.1415556221251757e-08,0.9833333333333333,1.0,0.8328896217489272,1.0,0.9833333333333333,0.15562991029940915,0.2979598349442353,0.3323768558935351,0.359910472652975
step-000018,middle,left,module,9,9.706061261790517e-05,0.025136852739098835,1.9229533335559594e-08,0.9833333333333333,1.0,0.8328896217489271,1.0,0.9833333333333333,0.13567781302439585,0.30504374862454836,0.33839707679750497,0.36507973933587035
step-000018,middle,trapezoid,parameter,14067712,1.827043599065385e-12,0.00042294707260404714,2.129186582915407e-22,0.9999515992377441,0.999744094991939,0.00047107226694627553,0.5448698409521037,0.9999990515847331,0.00012538267369668224,0.0009286165344153214,0.00223167113592379,0.011538677744554424
step-000018,middle,trapezoid,layer,9,7.258081184886436e-07,0.0001879704990438705,1.045265090484879e-12,1.0,1.0,0.8502447955094745,1.0,1.0,0.0005185423127028428,0.0012823548895726782,0.0013025017936589161,0.0013186193169279065
step-000018,middle,trapezoid,module,9,6.394482914806325e-07,0.00016560494626686317,9.413914899906771e-13,1.0,1.0,0.8502447955094747,1.0,1.0,0.0007857609339028395,0.001308146591340576,0.0016222987282544362,0.001873620437785525
step-000018,middle,simpson,parameter,14067712,1.1266480436571099e-15,2.6081068462931526e-07,4.947856692835897e-28,0.9999953177344356,1.0,0.0004710262681314682,0.5448698409521037,0.9999999999998176,2.0146802699893634e-07,5.555691872833305e-07,8.209917659994611e-07,4.33406374909719e-06
step-000018,middle,simpson,layer,9,1.427350330004133e-10,3.696565896782651e-08,8.528631488002552e-20,1.0,1.0,0.8501666362447238,1.0,1.0,7.589599005243172e-08,1.9791729920497148e-07,2.467290386077054e-07,2.8577843012989264e-07
step-000018,middle,simpson,module,9,1.4243559971288292e-10,3.68881114410716e-08,8.73718422169627e-20,1.0,1.0,0.8501666362447237,1.0,1.0,7.589599005243172e-08,2.288372989328146e-07,2.4440863307379607e-07,2.568657003865813e-07
step-000018,middle,gauss_legendre,parameter,14067712,0.0,0.0,0.0,0.9999999999999999,1.0,0.0004710260743706039,0.5448698409521037,0.9999999999999998,0.0,0.0,0.0,0.0
step-000018,middle,gauss_legendre,layer,9,0.0,0.0,0.0,1.0,1.0,0.8501666257466591,1.0,1.0,0.0,0.0,0.0,0.0
step-000018,middle,gauss_legendre,module,9,0.0,0.0,0.0,1.0,1.0,0.8501666257466592,1.0,1.0,0.0,0.0,0.0,0.0
step-000020,middle,left,parameter,14067712,5.485665425311856e-11,0.017520137486191047,2.4470394325990727e-19,0.9973799309871377,0.9884714793868516,0.0003128635673888892,0.5449427028361116,0.9991296118165787,0.00945077643621249,0.0450206019829942,0.11083494940385247,0.5534402698803089
step-000020,middle,left,layer,9,4.1493132029842196e-05,0.01676934448694168,2.139651013016171e-09,1.0,1.0,0.9271368299694932,1.0,1.0,0.1801571696419398,0.3976679794552147,0.42833582814795557,0.4528701071021483
step-000020,middle,left,module,9,4.149313202984219e-05,0.016769344486941676,3.514588100486484e-09,1.0,1.0,0.9271368299694933,1.0,1.0,0.14572175994056394,0.3459781186852455,0.3740532705818325,0.39651339209910225
step-000020,middle,trapezoid,parameter,14067712,4.963405630462076e-13,0.00015852142320635013,1.4142608820709718e-23,0.9999709709245868,0.9999075898582002,0.00031132570528536607,0.5449427028361116,0.9999998512730455,5.044889468798522e-05,0.0003852898869103973,0.0009783838044660638,0.005426688163363201
step-000020,middle,trapezoid,layer,9,1.9653112301235932e-07,7.94275568744599e-05,8.36585145616345e-14,1.0,1.0,0.9145436764473923,1.0,1.0,0.00029745759163261274,0.0010593329546947985,0.0012706149115809919,0.0014396404770899468
step-000020,middle,trapezoid,module,9,1.8368228020981946e-07,7.423472951547946e-05,7.468702988254929e-14,1.0,1.0,0.9145436764473923,1.0,1.0,0.00047610498361561683,0.0014448895223593793,0.001958829792092404,0.0023699820078788244
step-000020,middle,simpson,parameter,14067712,7.984586952003991e-16,2.550120182759858e-07,1.481296031627039e-28,0.9999949293585177,1.0,0.00031133104430164474,0.5449427028361116,0.9999999999998115,2.0302478506273567e-07,5.58760570712377e-07,8.285007756451449e-07,4.3009137481775645e-06
step-000020,middle,simpson,layer,9,1.030209991238521e-10,4.163567653688549e-08,5.823881478568201e-20,1.0,1.0,0.9145807361613325,1.0,1.0,5.51138204945492e-08,4.4710825570980906e-07,4.918400866975469e-07,5.276255514877373e-07
step-000020,middle,simpson,module,9,9.949757827177584e-11,4.021169490063674e-08,5.833332868294392e-20,1.0,1.0,0.9145807361613328,1.0,1.0,4.8283435181733585e-08,2.401446599357154e-07,2.7564381341429304e-07,3.040431361971552e-07
step-000020,middle,gauss_legendre,parameter,14067712,0.0,0.0,0.0,1.0,1.0,0.00031133105601916574,0.5449427028361116,1.0,0.0,0.0,0.0,0.0
step-000020,middle,gauss_legendre,layer,9,0.0,0.0,0.0,1.0,1.0,0.914580727970485,1.0,1.0,0.0,0.0,0.0,0.0
step-000020,middle,gauss_legendre,module,9,0.0,0.0,0.0,1.0,1.0,0.914580727970485,1.0,1.0,0.0,0.0,0.0,0.0
step-000022,late,left,parameter,14067712,2.914027758846538e-11,0.01250206306586567,7.667818179816607e-20,0.9987112593413908,0.9914954235654392,0.00045079908192834593,0.5450881422650677,0.999546111197911,0.0073690732373730555,0.031235544993496497,0.06548462193783709,0.2994896148863762
step-000022,late,left,layer,9,1.9811120969118583e-05,0.011231530440348608,4.963706797305613e-10,1.0,1.0,0.8701677885092658,1.0,1.0,0.10697413865583909,0.1585838361592347,0.16664280947589008,0.17308998812921442
step-000022,late,left,module,9,1.9811120969118644e-05,0.01122480830490527,8.500096222800236e-10,0.9333333333333332,1.0,0.8697719925577516,1.0,0.9333333333333332,0.09027383027584968,0.22318720070637488,0.26201050660169756,0.29306915131795575
step-000022,late,trapezoid,parameter,14067712,1.6876079542992952e-13,7.240350065662314e-05,1.676335602967271e-24,0.9999874990235054,0.9999502406928771,0.0004508739497280797,0.5450881422650677,0.9999999742096497,2.891013180648926e-05,0.00016909283120233512,0.00039065530791019095,0.0020258916735399353
step-000022,late,trapezoid,layer,9,7.889991976152118e-08,4.473077782544146e-05,1.2970595908031908e-14,1.0,1.0,0.8777976649313716,1.0,1.0,0.00023772277821413481,0.0004813525581779188,0.0006170265268461709,0.0007255657017807727
step-000022,late,trapezoid,module,9,7.88999197615272e-08,4.470400619813842e-05,1.6428100553939867e-14,1.0,1.0,0.8772717818916975,1.0,1.0,0.00019365623458095422,0.0008500003821660701,0.0012498584036651254,0.0015697448208643703
step-000022,late,simpson,parameter,14067712,5.726746455135483e-16,2.4569479520904233e-07,1.0047825308263484e-28,0.999994933143518,1.0,0.0004508754972048872,0.5450881422650677,0.999999999999839,2.0066750037324154e-07,5.611573335783275e-07,8.262674443870596e-07,4.064911006044687e-06
step-000022,late,simpson,layer,9,6.93353728531766e-11,3.930834363220895e-08,3.178293455891854e-20,1.0,1.0,0.87777558456177,1.0,1.0,4.876848951190898e-08,7.964715748689328e-08,1.1193563058430753e-07,1.37766409062239e-07
step-000022,late,simpson,module,9,6.635972953021403e-11,3.7598843816213995e-08,3.174410372172164e-20,1.0,1.0,0.877250230878036,1.0,1.0,3.83019440430607e-08,1.0383135277852408e-07,1.9148836583336234e-07,2.616139762772331e-07
step-000022,late,gauss_legendre,parameter,14067712,0.0,0.0,0.0,1.0,1.0,0.0004508754291683348,0.5450881422650677,1.0,0.0,0.0,0.0,0.0
step-000022,late,gauss_legendre,layer,9,0.0,0.0,0.0,1.0,1.0,0.8777755839448809,1.0,1.0,0.0,0.0,0.0,0.0
step-000022,late,gauss_legendre,module,9,0.0,0.0,0.0,1.0,1.0,0.8772502302190016,1.0,1.0,0.0,0.0,0.0,0.0
step-000024,late,left,parameter,14067712,1.9025260150908726e-11,0.011453834621455961,2.8870196663675345e-20,0.9989061849158687,0.9927863221616581,0.00022693311443836044,0.5447457269526131,0.9995931107729846,0.006034827645104509,0.029700177723278598,0.056087254649964016,0.23585371569163863
step-000024,late,left,layer,9,1.4167515579569493e-05,0.011989620921592642,2.5301360773109434e-10,1.0,1.0,0.938894613923575,1.0,1.0,0.2770261566924945,0.7201201628830805,1.2635963838618014,1.698377360644779
step-000024,late,left,module,9,1.4167515579569511e-05,0.011840198068427921,4.301005972640369e-10,0.9833333333333333,1.0,0.9269835197100726,1.0,0.9833333333333333,0.18908013068416085,0.5304384728632529,0.6618833704817827,0.7670392885766069
step-000024,late,trapezoid,parameter,14067712,8.62703968699065e-14,5.193762664149873e-05,4.0827327840869574e-25,0.9999876037956948,0.9999701444157262,0.00022634342414162563,0.5447457269526131,0.9999999863225236,1.8834246972114068e-05,0.00012294646390968237,0.00028055230970977366,0.0014312678079480396
step-000024,late,trapezoid,layer,9,2.7055091925558224e-08,2.2896060665291464e-05,1.985603743178807e-15,1.0,1.0,0.9422207973882931,1.0,1.0,7.110626664123136e-05,0.001538551162083988,0.0024442324140246685,0.003168777415577215
step-000024,late,trapezoid,module,9,2.2984965110414436e-08,1.920919288740119e-05,1.7704713971599034e-15,1.0,1.0,0.9304922812892547,1.0,1.0,0.00013119195658317358,0.00047628469296905507,0.00048487842431508334,0.000491753409391906
step-000024,late,simpson,parameter,14067712,3.7624065205516524e-16,2.2650929197952558e-07,4.258460782824531e-29,0.9999950218716283,1.0,0.000226344380587879,0.5447457269526131,0.9999999999998472,1.9816923008199268e-07,5.211811985163263e-07,6.987278246637188e-07,3.0092272689147043e-06
step-000024,late,simpson,layer,9,4.4194950359873746e-11,3.740110243659192e-08,1.2421910380711557e-20,1.0,1.0,0.9422304354511908,1.0,1.0,1.1805635470000531e-07,5.44751665412823e-07,6.595516139620358e-07,7.513915728014063e-07
step-000024,late,simpson,module,9,4.239500348574463e-11,3.5430717232227755e-08,1.238987837822351e-20,1.0,1.0,0.93048771859811,1.0,1.0,7.135307940891807e-08,2.1520328463777152e-07,3.0987936647123063e-07,3.8562023193799806e-07
step-000024,late,gauss_legendre,parameter,14067712,0.0,0.0,0.0,1.0,1.0,0.00022634432929537584,0.5447457269526131,1.0,0.0,0.0,0.0,0.0
step-000024,late,gauss_legendre,layer,9,0.0,0.0,0.0,1.0,1.0,0.9422304364970747,1.0,1.0,0.0,0.0,0.0,0.0
step-000024,late,gauss_legendre,module,9,0.0,0.0,0.0,1.0,1.0,0.9304877165995266,1.0,1.0,0.0,0.0,0.0,0.0
step-000026,late,left,parameter,14067712,7.107532068904447e-12,0.007745674547449441,4.8452302051289756e-21,0.9993573057798645,0.9958301700630948,0.0005767348125858292,0.5448569746096593,0.9998130485187242,0.0034622088648366294,0.015824097548113855,0.03128556848943312,0.1412789172362898
step-000026,late,left,layer,9,5.24257331446249e-06,0.007557175258069632,3.5312478161496954e-11,0.9833333333333333,1.0,0.8848890874688499,1.0,0.9833333333333333,0.0420172110468949,0.19114117222613147,0.22345800227555848,0.24931146631510012
step-000026,late,left,module,9,5.2425733144624994e-06,0.0077074009746536595,5.918639349727822e-11,1.0,1.0,0.9010077313085645,1.0,1.0,0.052343169078296725,0.1502928850158757,0.203269216641277,0.24565028194159816
step-000026,late,trapezoid,parameter,14067712,2.1708688690593205e-14,2.3657781043983338e-05,3.151220530887934e-26,0.9999938005079164,0.9999872047495969,0.0005746112995684725,0.5448569746096593,0.9999999970160983,5.984674194336861e-06,4.624835955460844e-05,0.00011562147919724767,0.0006210206630947103
step-000026,late,trapezoid,layer,9,1.0543093399336173e-08,1.5197880850074403e-05,1.9340555925681121e-16,1.0,1.0,0.8855169339465065,1.0,1.0,4.445707539289398e-05,0.0004036896028119351,0.00046811996851975037,0.0005196642610860027
step-000026,late,trapezoid,module,9,1.0543093399341067e-08,1.549999274550482e-05,2.296665294944777e-16,1.0,1.0,0.9031273730240195,1.0,1.0,0.00012768362456998838,0.00028892533100073506,0.0003518090129879622,0.00040211595857774396
step-000026,late,simpson,parameter,14067712,2.130786842159021e-16,2.3220973538140195e-07,2.5264734890944386e-29,0.9999960978374545,1.0,0.000574615071266408,0.5448569746096593,0.9999999999998402,1.985610150862688e-07,5.287224039950265e-07,7.187687563081634e-07,3.385221188310459e-06
step-000026,late,simpson,layer,9,3.223856998708694e-11,4.6471934458190554e-08,5.7176355926195965e-21,1.0,1.0,0.8855204197253449,1.0,1.0,4.0506799326741344e-08,3.039885957858449e-07,4.4832602476452513e-07,5.637959679474695e-07
step-000026,late,simpson,module,9,3.095041259324639e-11,4.550193690740545e-08,5.6414618900884066e-21,1.0,1.0,0.9031232910271829,1.0,1.0,1.0007308332602467e-07,3.2992327935783104e-07,3.9274072894363997e-07,4.4299468861228717e-07
step-000026,late,gauss_legendre,parameter,14067712,0.0,0.0,0.0,1.0,1.0,0.000574615168640074,0.5448569746096593,1.0,0.0,0.0,0.0,0.0
step-000026,late,gauss_legendre,layer,9,0.0,0.0,0.0,1.0,1.0,0.8855204244074891,1.0,1.0,0.0,0.0,0.0,0.0
step-000026,late,gauss_legendre,module,9,0.0,0.0,0.0,1.0,1.0,0.9031232899972935,1.0,1.0,0.0,0.0,0.0,0.0
step-000028,late,left,parameter,14067712,1.1340328466539005e-12,0.002780027673058326,8.570360737475372e-23,0.99929950130485,0.9982328337498898,0.0002623228138242824,0.5448648650185617,0.9999725821021446,0.0015202181927991016,0.0068833728132280305,0.016837678872091515,0.1688357623280038
step-000028,late,left,layer,9,8.082947702509329e-07,0.0024340153586957774,8.0853986332811e-13,1.0,1.0,0.8672545056716519,1.0,1.0,0.022381724274705573,0.03870120645455088,0.04414034981517539,0.04849166450367501
step-000028,late,left,module,9,8.082947702509579e-07,0.0024340153586958524,1.4472889388126861e-12,1.0,1.0,0.8672545056716517,1.0,1.0,0.017642330292293732,0.047647087636633036,0.0492301467012349,0.05049659395291639
step-000028,late,trapezoid,parameter,14067712,1.671571151461773e-15,4.097777301831486e-06,1.4921206941296683e-28,0.9999930491974043,0.9999985783055108,0.0002622474025720228,0.5448648650185617,0.9999999999030084,1.2413106637249337e-06,9.6969957053204e-06,2.531843907165255e-05,0.00017013374650566207
step-000028,late,trapezoid,layer,9,1.1072130870854823e-09,3.334147093984515e-06,1.8133354186814767e-18,1.0,1.0,0.8690114149136212,1.0,1.0,2.2250969694970787e-05,3.114949012883942e-05,3.548939875195004e-05,3.8961325650438536e-05
step-000028,late,trapezoid,module,9,1.1072130870732473e-09,3.3341470939476715e-06,2.5745984276679074e-18,1.0,1.0,0.869011414913621,1.0,1.0,2.5160961442133565e-05,6.729195516761628e-05,7.303711895610072e-05,7.763324998688828e-05
step-000028,late,simpson,parameter,14067712,8.832875479929432e-17,2.1653374802446433e-07,1.2940328176683678e-30,0.9999935371860531,0.9999985783055108,0.0002622471937378713,0.5448648650185617,0.9999999999998272,1.9920597163725319e-07,5.401441242839071e-07,7.714472244715488e-07,3.980938604865103e-06
step-000028,late,simpson,layer,9,1.2245067795654789e-11,3.687353200818313e-08,8.595434016813269e-22,1.0,1.0,0.8690092014131918,1.0,1.0,3.367819730235466e-08,1.195667942320342e-07,1.5888315172749614e-07,1.9033623772386578e-07
step-000028,late,simpson,module,9,1.2245067777396523e-11,3.687353195320207e-08,8.713888352211124e-22,1.0,1.0,0.8690092014131917,1.0,1.0,5.550153069611323e-08,7.437993530701356e-08,7.871167777565453e-08,8.21770717505673e-08
step-000028,late,gauss_legendre,parameter,14067712,0.0,0.0,0.0,1.0,1.0,0.0002622472007167729,0.5448648650185617,1.0,0.0,0.0,0.0,0.0
step-000028,late,gauss_legendre,layer,9,0.0,0.0,0.0,1.0,1.0,0.8690091920374791,1.0,1.0,0.0,0.0,0.0,0.0
step-000028,late,gauss_legendre,module,9,0.0,0.0,0.0,1.0,1.0,0.869009192037479,1.0,1.0,0.0,0.0,0.0,0.0
step-000029,late,left,parameter,14067712,3.112649776702095e-13,0.0012705698569602675,1.0174080957133133e-23,0.9998912885703176,0.9991882124466509,0.00030066299400714785,0.5441943224313947,0.9999951862864045,0.00081325166994485,0.0030987642088842254,0.006041689181798126,0.02633658116081608
step-000029,late,left,layer,9,2.417770147784257e-07,0.0011515831341763496,7.26911880933773e-14,1.0,1.0,0.8077770154015939,1.0,1.0,0.005124372511305143,0.00760799855465449,0.007692081723883564,0.007759348259266823
step-000029,late,left,module,9,2.4177701477840296e-07,0.001151583134176241,1.1964966013411245e-13,1.0,1.0,0.8077770154015939,1.0,1.0,0.006090681560167481,0.008500016607971794,0.010333462273510825,0.011800218805942052
step-000029,late,trapezoid,parameter,14067712,2.0269974873103173e-16,8.274113993767123e-07,2.886808008260288e-30,0.9999962559962439,0.9999985783055108,0.0003003853592743471,0.5441943224313947,0.9999999999964266,3.779950199156126e-07,1.7806837587048685e-06,4.03123140940346e-06,2.116751589063746e-05
step-000029,late,trapezoid,layer,9,1.1040428638041215e-10,5.258552565593313e-07,1.850089528567135e-20,1.0,1.0,0.808520974254916,1.0,1.0,2.0511875242606926e-06,2.636874561095629e-06,3.464719395867164e-06,4.126995263684394e-06
step-000029,late,trapezoid,module,9,1.1040428637758871e-10,5.258552565458832e-07,2.5932320271745732e-20,1.0,1.0,0.808520974254916,1.0,1.0,1.8709778753469314e-06,3.3575343635478345e-06,4.417019022498422e-06,5.264606749658894e-06
step-000029,late,simpson,parameter,14067712,4.859334090579823e-17,1.9835586600853454e-07,7.6861798564052375e-31,0.9999971614352142,0.9999985783055108,0.00030038530410371526,0.5441943224313947,0.9999999999998833,1.947849257893781e-07,5.183714805281727e-07,7.039741140972856e-07,3.2071478103137916e-06
step-000029,late,simpson,layer,9,5.959665322668215e-12,2.838586652751068e-08,2.4969577893554357e-22,1.0,1.0,0.8085207059829241,1.0,1.0,2.1845867228194074e-08,3.146484842302598e-08,3.244646383466191e-08,3.323175616397066e-08
step-000029,late,simpson,module,9,6.046142938906988e-12,2.8797759132089362e-08,2.504706369674421e-22,1.0,1.0,0.808520705982924,1.0,1.0,1.837801687434257e-08,2.8528670740667633e-08,2.975135572893782e-08,3.0729503719553974e-08
step-000029,late,gauss_legendre,parameter,14067712,0.0,0.0,0.0,1.0,1.0,0.00030038537916843663,0.5441943224313947,1.0,0.0,0.0,0.0,0.0
step-000029,late,gauss_legendre,layer,9,0.0,0.0,0.0,1.0,1.0,0.8085207033703866,1.0,1.0,0.0,0.0,0.0,0.0
step-000029,late,gauss_legendre,module,9,0.0,0.0,0.0,1.0,1.0,0.8085207033703864,1.0,1.0,0.0,0.0,0.0,0.0
step-000030,late,left,parameter,14067712,8.312514490992878e-14,0.0007898598651098243,7.157761840827126e-25,0.9997911346496096,0.9994569127051149,0.0005050889499857435,0.5448433263348013,0.9999970136654712,0.0003631089694746743,0.0019371355488074352,0.0055208979722042514,0.049984041223635034
step-000030,late,left,layer,9,6.783830354176505e-08,0.0008372527244237571,6.090932803375948e-15,1.0,1.0,0.8749758456126149,1.0,1.0,0.00865499960736927,0.01551613736233625,0.015758874468580538,0.015953064153575967
step-000030,late,left,module,9,6.783830354176262e-08,0.000837252724423727,1.1871103788781006e-14,1.0,1.0,0.8749758456126147,1.0,1.0,0.008869896123034434,0.017615135596878852,0.02521766697622723,0.03129969207970595
step-000030,late,trapezoid,parameter,14067712,3.6596560939077447e-17,3.477426080657638e-07,2.109212058007983e-31,0.9999949754772451,1.0,0.0005051514234996732,0.5448433263348013,0.9999999999993402,2.1774886218053928e-07,7.67721620877166e-07,1.8803598161241625e-06,1.2352656372172634e-05
step-000030,late,trapezoid,layer,9,6.020829885568098e-12,7.430840633979552e-08,1.3094264112861582e-22,1.0,1.0,0.8756616012485563,1.0,1.0,8.081709233653813e-08,1.016495910903511e-06,1.1267728494658396e-06,1.2149944003157025e-06
step-000030,late,trapezoid,module,9,5.85013548337668e-12,7.220171519604274e-08,1.2899253787619855e-22,1.0,1.0,0.8756616012485564,1.0,1.0,2.35848854237228e-07,4.685485927082322e-07,5.405524986628515e-07,5.981556234265471e-07
step-000030,late,simpson,parameter,14067712,2.05785394446663e-17,1.955384547904694e-07,1.2026024785319698e-31,0.9999961950791035,1.0,0.0005051513804788672,0.5448433263348013,0.9999999999998367,1.971031616923961e-07,5.41161180120067e-07,7.929154170438236e-07,4.410595648798732e-06
step-000030,late,simpson,layer,9,2.7900237121025106e-12,3.4434159349615314e-08,2.271912904899989e-23,1.0,1.0,0.8756615738664469,1.0,1.0,1.3488322213557486e-07,2.413513866806299e-07,2.566775003106881e-07,2.689383912147347e-07
step-000030,late,simpson,module,9,2.790023709161424e-12,3.4434159313316756e-08,2.4192238670977905e-23,1.0,1.0,0.8756615738664468,1.0,1.0,1.5515270556604846e-07,3.889476748268345e-07,5.41212061619101e-07,6.630235710529144e-07
step-000030,late,gauss_legendre,parameter,14067712,0.0,0.0,0.0,1.0,1.0,0.0005051514331914673,0.5448433263348013,1.0,0.0,0.0,0.0,0.0
step-000030,late,gauss_legendre,layer,9,0.0,0.0,0.0,1.0,1.0,0.8756615853174075,1.0,1.0,0.0,0.0,0.0,0.0
step-000030,late,gauss_legendre,module,9,0.0,0.0,0.0,1.0,1.0,0.8756615853174075,1.0,1.0,0.0,0.0,0.0,0.0
step-000031,late,left,parameter,14067712,5.6704434524721434e-15,0.00020313766473327368,2.4486380675409945e-27,0.9999662873655483,0.9998777342739265,0.00028244258299535023,0.5439823476625054,0.9999998286535305,0.00010477726832901285,0.00043511650927386596,0.00099348297787517,0.007929497664718394
step-000031,late,left,layer,9,4.356674047022124e-09,0.00022396241966553073,2.4535652888768687e-17,1.0,1.0,0.8958271235206048,1.0,1.0,0.002811191496739765,0.009825373844859119,0.012904541475610593,0.015367875580211778
step-000031,late,left,module,9,4.356674047022216e-09,0.0002235537419963314,4.56016513750624e-17,1.0,1.0,0.8942377986632797,1.0,1.0,0.0032180968687198514,0.01329232982626565,0.023300907068578045,0.03130776886242798
step-000031,late,trapezoid,parameter,14067712,4.87133158392575e-18,1.7451032364474094e-07,4.3428661862032714e-33,0.9999939736780304,0.9999985783055108,0.0002824462474150403,0.5439823476625054,0.9999999999998619,1.884260433432659e-07,4.982639735764711e-07,6.852253089338306e-07,3.033071322606299e-06
step-000031,late,trapezoid,layer,9,2.0360544269936839e-13,1.0466692507140996e-08,6.009364885816449e-26,1.0,1.0,0.8960085882112573,1.0,1.0,4.986264686948329e-08,4.80943704813108e-07,5.361068394692098e-07,5.802373471940915e-07
step-000031,late,trapezoid,module,9,2.0360544269642729e-13,1.044759330497002e-08,1.046801434875504e-25,1.0,1.0,0.8943735865819928,1.0,1.0,6.84317816850396e-08,2.717097124039212e-07,5.01862094520387e-07,6.8598400021356e-07
step-000031,late,simpson,parameter,14067712,4.772236210918122e-18,1.709603362712021e-07,3.379802620371087e-33,0.9999951005502548,0.9999985783055108,0.0002824462570763986,0.5439823476625054,0.9999999999998695,1.9261801103604895e-07,5.185869246157597e-07,7.19155860891451e-07,3.134274153176711e-06
step-000031,late,simpson,layer,9,6.783245771556712e-13,3.487045667835123e-08,2.793902562185085e-24,1.0,1.0,0.8960085871688903,1.0,1.0,3.180997596627907e-08,2.654392438727128e-07,3.1291137016399236e-07,3.508890711970161e-07
step-000031,late,simpson,module,9,6.672062264754174e-13,3.4236311232367646e-08,2.8048452849021347e-24,1.0,1.0,0.8943735866171907,1.0,1.0,4.660520045216083e-08,1.6120779833647701e-07,2.872755542447199e-07,3.881297589713145e-07
step-000031,late,gauss_legendre,parameter,14067712,0.0,0.0,0.0,1.0,1.0,0.0002824462107402412,0.5439823476625054,1.0,0.0,0.0,0.0,0.0
step-000031,late,gauss_legendre,layer,9,0.0,0.0,0.0,1.0,1.0,0.8960085808112463,1.0,1.0,0.0,0.0,0.0,0.0
step-000031,late,gauss_legendre,module,9,0.0,0.0,0.0,1.0,1.0,0.8943735801761417,1.0,1.0,0.0,0.0,0.0,0.0
