route,family,allocation,ratio,metric,paired_seed_n,seeds,mean_high_effect,mean_low_effect,mean_gap,gap_sample_std,gap_min,gap_max,direction
direct,double_near_zero,global,0.0,accuracy,3,1234;1337;2027,0.0,0.0,0.0,0.0,0.0,0.0,positive_means_high_pruning_is_more_harmful
direct,double_near_zero,global,0.0,ece,3,1234;1337;2027,0.0,0.0,0.0,0.0,0.0,0.0,positive_means_high_pruning_is_more_harmful
direct,double_near_zero,global,0.0,nll,3,1234;1337;2027,0.0,0.0,0.0,0.0,0.0,0.0,positive_means_high_pruning_is_more_harmful
direct,double_near_zero,global,0.001,accuracy,3,1234;1337;2027,0.3237767584097859,0.0,0.3237767584097859,0.006520918237473971,0.31651376146788995,0.3291284403669725,positive_means_high_pruning_is_more_harmful
direct,double_near_zero,global,0.001,ece,3,1234;1337;2027,-0.10372753118756634,0.00015191515360131932,-0.10387944634116765,0.008097653554219451,-0.11246493929706203,-0.0963790564740048,positive_means_high_pruning_is_more_harmful
direct,double_near_zero,global,0.001,nll,3,1234;1337;2027,0.1493557983901158,0.00010839715281030227,0.1492474012373055,0.016703816227892417,0.13373614533231892,0.1669311801638078,positive_means_high_pruning_is_more_harmful
direct,double_near_zero,global,0.005,accuracy,3,1234;1337;2027,0.3237767584097859,0.0,0.3237767584097859,0.006520918237473971,0.31651376146788995,0.3291284403669725,positive_means_high_pruning_is_more_harmful
direct,double_near_zero,global,0.005,ece,3,1234;1337;2027,-0.10372753118756634,-2.2643798475903885e-06,-0.10372526680771875,0.007918142286341733,-0.11208753143823236,-0.09634235764925458,positive_means_high_pruning_is_more_harmful
direct,double_near_zero,global,0.005,nll,3,1234;1337;2027,0.1493557983901158,9.991998701649092e-05,0.1492558784030993,0.016778947220813027,0.1336275604339915,0.16698718556296932,positive_means_high_pruning_is_more_harmful
direct,double_near_zero,global,0.01,accuracy,3,1234;1337;2027,0.3237767584097859,0.0,0.3237767584097859,0.006520918237473971,0.31651376146788995,0.3291284403669725,positive_means_high_pruning_is_more_harmful
direct,double_near_zero,global,0.01,ece,3,1234;1337;2027,-0.10372753118756634,1.5251205555233405e-05,-0.10374278239312157,0.007887489167213336,-0.11209304056112779,-0.09641846662703024,positive_means_high_pruning_is_more_harmful
direct,double_near_zero,global,0.01,nll,3,1234;1337;2027,0.1493557983901158,0.00013030632555666166,0.14922549206455915,0.01680498378092192,0.13356698789727794,0.1669802625381619,positive_means_high_pruning_is_more_harmful
direct,double_near_zero,global,0.02,accuracy,3,1234;1337;2027,0.3237767584097859,0.0,0.3237767584097859,0.006520918237473971,0.31651376146788995,0.3291284403669725,positive_means_high_pruning_is_more_harmful
direct,double_near_zero,global,0.02,ece,3,1234;1337;2027,-0.10372753118756634,2.5449347494377328e-05,-0.10375298053506071,0.007861756492180051,-0.11207811103404941,-0.09645571166744848,positive_means_high_pruning_is_more_harmful
direct,double_near_zero,global,0.02,nll,3,1234;1337;2027,0.1493557983901158,0.0001290449673247244,0.1492267534227911,0.016745886214532654,0.13361883628259008,0.1669160241790868,positive_means_high_pruning_is_more_harmful
direct,double_near_zero,global,0.05,accuracy,3,1234;1337;2027,0.3237767584097859,0.0,0.3237767584097859,0.006520918237473971,0.31651376146788995,0.3291284403669725,positive_means_high_pruning_is_more_harmful
direct,double_near_zero,global,0.05,ece,3,1234;1337;2027,-0.10372753118756634,-0.00012402012744831362,-0.10360351106011802,0.008113706493073638,-0.1121232832761464,-0.09596837028082517,positive_means_high_pruning_is_more_harmful
direct,double_near_zero,global,0.05,nll,3,1234;1337;2027,0.1493557983901158,7.358403016303565e-05,0.1492822143599528,0.01670814017065944,0.13384102599336467,0.16701975540010205,positive_means_high_pruning_is_more_harmful
direct,double_near_zero,global,0.1,accuracy,3,1234;1337;2027,0.3237767584097859,0.0,0.3237767584097859,0.006520918237473971,0.31651376146788995,0.3291284403669725,positive_means_high_pruning_is_more_harmful
direct,double_near_zero,global,0.1,ece,3,1234;1337;2027,-0.10372753118756634,-0.00020067681088364875,-0.10352685437668269,0.008148347810660608,-0.11206156286038915,-0.09582953871126954,positive_means_high_pruning_is_more_harmful
direct,double_near_zero,global,0.1,nll,3,1234;1337;2027,0.1493557983901158,0.00020866032222725353,0.14914713806788857,0.01658946246307256,0.1337364559326697,0.16670607857474495,positive_means_high_pruning_is_more_harmful
direct,double_near_zero,global,0.2,accuracy,3,1234;1337;2027,0.3237767584097859,0.0,0.3237767584097859,0.006520918237473971,0.31651376146788995,0.3291284403669725,positive_means_high_pruning_is_more_harmful
direct,double_near_zero,global,0.2,ece,3,1234;1337;2027,-0.10372753118756634,-0.00019668617566289312,-0.10353084501190345,0.008135876952596675,-0.11200695970353924,-0.0957843544561654,positive_means_high_pruning_is_more_harmful
direct,double_near_zero,global,0.2,nll,3,1234;1337;2027,0.1493557983901158,-5.4856551531997276e-05,0.14941065494164782,0.016899893758978806,0.13377095171070974,0.16733774016483116,positive_means_high_pruning_is_more_harmful
direct,double_near_zero,global,0.3,accuracy,3,1234;1337;2027,0.3237767584097859,0.0,0.3237767584097859,0.006520918237473971,0.31651376146788995,0.3291284403669725,positive_means_high_pruning_is_more_harmful
direct,double_near_zero,global,0.3,ece,3,1234;1337;2027,-0.10372753118756634,-0.0002164767586869861,-0.10351105442887935,0.00813511555291013,-0.11194248233043091,-0.09570878604314742,positive_means_high_pruning_is_more_harmful
direct,double_near_zero,global,0.3,nll,3,1234;1337;2027,0.1493557983901158,-0.0004997289417716008,0.14985552733188742,0.01704461845747156,0.13424708400297602,0.16804249386448378,positive_means_high_pruning_is_more_harmful
direct,double_near_zero,layer_balanced,0.0,accuracy,3,1234;1337;2027,0.0,0.0,0.0,0.0,0.0,0.0,positive_means_high_pruning_is_more_harmful
direct,double_near_zero,layer_balanced,0.0,ece,3,1234;1337;2027,0.0,0.0,0.0,0.0,0.0,0.0,positive_means_high_pruning_is_more_harmful
direct,double_near_zero,layer_balanced,0.0,nll,3,1234;1337;2027,0.0,0.0,0.0,0.0,0.0,0.0,positive_means_high_pruning_is_more_harmful
direct,double_near_zero,layer_balanced,0.001,accuracy,3,1234;1337;2027,0.3237767584097859,-0.0003822629969418845,0.3241590214067278,0.005884864036062932,0.3176605504587156,0.3291284403669725,positive_means_high_pruning_is_more_harmful
direct,double_near_zero,layer_balanced,0.001,ece,3,1234;1337;2027,-0.10372753118756634,-0.00020363735931600013,-0.10352389382825034,0.007550031091012165,-0.11204461238186725,-0.0976663539189564,positive_means_high_pruning_is_more_harmful
direct,double_near_zero,layer_balanced,0.001,nll,3,1234;1337;2027,0.1493557983901158,-0.0006738938960824855,0.1500296922861983,0.016803042061492315,0.1348244632602832,0.16806988219875807,positive_means_high_pruning_is_more_harmful
direct,double_near_zero,layer_balanced,0.005,accuracy,3,1234;1337;2027,0.3237767584097859,-0.0011467889908256905,0.32492354740061163,0.006316021269823512,0.3176605504587156,0.3291284403669725,positive_means_high_pruning_is_more_harmful
direct,double_near_zero,layer_balanced,0.005,ece,3,1234;1337;2027,-0.10372753118756634,0.0002935298503595381,-0.10402106103792587,0.008050704347372662,-0.11183054437246953,-0.09574907561464285,positive_means_high_pruning_is_more_harmful
direct,double_near_zero,layer_balanced,0.005,nll,3,1234;1337;2027,0.1493557983901158,-0.0008639656121213202,0.15021976400223713,0.016122994905931592,0.1357486124979247,0.1675988251189573,positive_means_high_pruning_is_more_harmful
direct,double_near_zero,layer_balanced,0.01,accuracy,3,1234;1337;2027,0.3237767584097859,0.0011467889908256905,0.32262996941896027,0.005419513332858458,0.31651376146788995,0.32683486238532106,positive_means_high_pruning_is_more_harmful
direct,double_near_zero,layer_balanced,0.01,ece,3,1234;1337;2027,-0.10372753118756634,-1.835579702478644e-05,-0.10370917539054154,0.007405013514289548,-0.1109408893656545,-0.09614224767678592,positive_means_high_pruning_is_more_harmful
direct,double_near_zero,layer_balanced,0.01,nll,3,1234;1337;2027,0.1493557983901158,-0.0022412528731042825,0.1515970512632201,0.014134841903285452,0.13944228034500683,0.16710788325979076,positive_means_high_pruning_is_more_harmful
direct,double_near_zero,layer_balanced,0.02,accuracy,3,1234;1337;2027,0.3237767584097859,0.0,0.3237767584097859,0.0057720446752834425,0.3176605504587156,0.3291284403669725,positive_means_high_pruning_is_more_harmful
direct,double_near_zero,layer_balanced,0.02,ece,3,1234;1337;2027,-0.10372753118756634,5.5078040491716535e-06,-0.10373303899161551,0.006663812325039098,-0.1113378595190222,-0.09891503862221333,positive_means_high_pruning_is_more_harmful
direct,double_near_zero,layer_balanced,0.02,nll,3,1234;1337;2027,0.1493557983901158,-0.005182220574912688,0.1545380189650285,0.0114942577222806,0.145259915688716,0.1673962895613198,positive_means_high_pruning_is_more_harmful
direct,double_near_zero,layer_balanced,0.05,accuracy,3,1234;1337;2027,0.3237767584097859,0.0007645259938838059,0.32301223241590216,0.0047744633015278076,0.3176605504587156,0.32683486238532106,positive_means_high_pruning_is_more_harmful
direct,double_near_zero,layer_balanced,0.05,ece,3,1234;1337;2027,-0.10372753118756634,-0.0008454537141047528,-0.10288207747346158,0.0009964299561510002,-0.10366427377544546,-0.10176022671974616,positive_means_high_pruning_is_more_harmful
direct,double_near_zero,layer_balanced,0.05,nll,3,1234;1337;2027,0.1493557983901158,-0.012615083668392332,0.16197088205850815,0.009401413253017568,0.15645434686896997,0.17282621398431441,positive_means_high_pruning_is_more_harmful
direct,double_near_zero,layer_balanced,0.1,accuracy,3,1234;1337;2027,0.3237767584097859,-0.0034403669724770345,0.32721712538226294,0.003503498237733838,0.323394495412844,0.33027522935779813,positive_means_high_pruning_is_more_harmful
direct,double_near_zero,layer_balanced,0.1,ece,3,1234;1337;2027,-0.10372753118756634,-0.007780878721078892,-0.09594665246648744,0.001295870782959172,-0.09695950169632206,-0.0944863497595978,positive_means_high_pruning_is_more_harmful
direct,double_near_zero,layer_balanced,0.1,nll,3,1234;1337;2027,0.1493557983901158,-0.026480557676119898,0.1758363560662357,0.008381266945064417,0.16617032407073795,0.1810835033245043,positive_means_high_pruning_is_more_harmful
direct,double_near_zero,layer_balanced,0.2,accuracy,3,1234;1337;2027,0.3237767584097859,0.0,0.3237767584097859,0.0023872316507639038,0.3211009174311927,0.3256880733944954,positive_means_high_pruning_is_more_harmful
direct,double_near_zero,layer_balanced,0.2,ece,3,1234;1337;2027,-0.10372753118756634,-0.01636371244605156,-0.08736381874151478,0.005994844276078286,-0.09107980851610398,-0.08044798608588577,positive_means_high_pruning_is_more_harmful
direct,double_near_zero,layer_balanced,0.2,nll,3,1234;1337;2027,0.1493557983901158,-0.047662422858429254,0.19701822124854507,0.015450203520058553,0.18709788218550727,0.21481968913603267,positive_means_high_pruning_is_more_harmful
direct,double_near_zero,layer_balanced,0.3,accuracy,3,1234;1337;2027,0.3237767584097859,0.0007645259938838059,0.32301223241590216,0.006520918237473971,0.3176605504587156,0.33027522935779813,positive_means_high_pruning_is_more_harmful
direct,double_near_zero,layer_balanced,0.3,ece,3,1234;1337;2027,-0.10372753118756634,-0.021307043577430445,-0.08242048761013589,0.015785361380014795,-0.09286982765927665,-0.0642619046702591,positive_means_high_pruning_is_more_harmful
direct,double_near_zero,layer_balanced,0.3,nll,3,1234;1337;2027,0.1493557983901158,-0.05826486840798584,0.20762066679810165,0.022551866601774277,0.1945538509876356,0.2336612639077213,positive_means_high_pruning_is_more_harmful
direct,double_original,global,0.0,accuracy,3,1234;1337;2027,0.0,0.0,0.0,0.0,0.0,0.0,positive_means_high_pruning_is_more_harmful
direct,double_original,global,0.0,ece,3,1234;1337;2027,0.0,0.0,0.0,0.0,0.0,0.0,positive_means_high_pruning_is_more_harmful
direct,double_original,global,0.0,nll,3,1234;1337;2027,0.0,0.0,0.0,0.0,0.0,0.0,positive_means_high_pruning_is_more_harmful
direct,double_original,global,0.001,accuracy,3,1234;1337;2027,0.3237767584097859,0.0026758409785932655,0.3211009174311927,0.009997474641148325,0.3096330275229358,0.3279816513761468,positive_means_high_pruning_is_more_harmful
direct,double_original,global,0.001,ece,3,1234;1337;2027,-0.10372753118756634,0.0055140932146322446,-0.10924162440219858,0.009313986635246792,-0.1192213279764909,-0.10077981575061723,positive_means_high_pruning_is_more_harmful
direct,double_original,global,0.001,nll,3,1234;1337;2027,0.1493557983901158,0.005322577460278792,0.14403322092983703,0.01715532093045426,0.13096184878174322,0.1634591924487998,positive_means_high_pruning_is_more_harmful
direct,double_original,global,0.005,accuracy,3,1234;1337;2027,0.3237767584097859,-0.003058103975535187,0.32683486238532117,0.008956708343929635,0.31651376146788995,0.33256880733944955,positive_means_high_pruning_is_more_harmful
direct,double_original,global,0.005,ece,3,1234;1337;2027,-0.10372753118756634,0.004342363141567569,-0.1080698943291339,0.0032889726312179467,-0.11185371679184042,-0.10589627997934048,positive_means_high_pruning_is_more_harmful
direct,double_original,global,0.005,nll,3,1234;1337;2027,0.1493557983901158,0.004440261501055624,0.1449155368890602,0.017076049861327963,0.13191622714383888,0.16425477658663323,positive_means_high_pruning_is_more_harmful
direct,double_original,global,0.01,accuracy,3,1234;1337;2027,0.3237767584097859,0.0019113149847094963,0.32186544342507645,0.0036864108413581557,0.3176605504587156,0.32454128440366975,positive_means_high_pruning_is_more_harmful
direct,double_original,global,0.01,ece,3,1234;1337;2027,-0.10372753118756634,0.0016963419110350153,-0.10542387309860135,0.010081357746891622,-0.11693889579748973,-0.0981875232847278,positive_means_high_pruning_is_more_harmful
direct,double_original,global,0.01,nll,3,1234;1337;2027,0.1493557983901158,0.004849104911362367,0.14450669347875345,0.024437464969177456,0.11652308210320428,0.16164139829097535,positive_means_high_pruning_is_more_harmful
direct,double_original,global,0.02,accuracy,3,1234;1337;2027,0.3237767584097859,0.0,0.3237767584097859,0.0036864108413581786,0.3211009174311927,0.3279816513761468,positive_means_high_pruning_is_more_harmful
direct,double_original,global,0.02,ece,3,1234;1337;2027,-0.10372753118756634,0.003483285735206565,-0.1072108169227729,0.005611398235054479,-0.11368092756074855,-0.10367403092646121,positive_means_high_pruning_is_more_harmful
direct,double_original,global,0.02,nll,3,1234;1337;2027,0.1493557983901158,0.007071100391834895,0.14228469799828092,0.025920676905336518,0.11235535062781166,0.157488360625068,positive_means_high_pruning_is_more_harmful
direct,double_original,global,0.05,accuracy,3,1234;1337;2027,0.3237767584097859,0.0003822629969418845,0.32339449541284404,0.004134806508559619,0.319954128440367,0.3279816513761468,positive_means_high_pruning_is_more_harmful
direct,double_original,global,0.05,ece,3,1234;1337;2027,-0.10372753118756634,0.003940318558468196,-0.10766784974603454,0.0053289982271942414,-0.1136775961261528,-0.10351823490807799,positive_means_high_pruning_is_more_harmful
direct,double_original,global,0.05,nll,3,1234;1337;2027,0.1493557983901158,0.007210042920043347,0.14214575547007247,0.025990807934363144,0.11213421739569496,0.1572042870753949,positive_means_high_pruning_is_more_harmful
direct,double_original,global,0.1,accuracy,3,1234;1337;2027,0.3237767584097859,0.0,0.3237767584097859,0.0036864108413581786,0.3211009174311927,0.3279816513761468,positive_means_high_pruning_is_more_harmful
direct,double_original,global,0.1,ece,3,1234;1337;2027,-0.10372753118756634,0.003997601693458326,-0.10772513288102466,0.005260186928451165,-0.1136729840800178,-0.10368496804560334,positive_means_high_pruning_is_more_harmful
direct,double_original,global,0.1,nll,3,1234;1337;2027,0.1493557983901158,0.0069414209175729935,0.14241437747254282,0.0260443150753444,0.11234342204321413,0.15778087998885626,positive_means_high_pruning_is_more_harmful
direct,double_original,global,0.2,accuracy,3,1234;1337;2027,0.3237767584097859,0.0,0.3237767584097859,0.0036864108413581786,0.3211009174311927,0.3279816513761468,positive_means_high_pruning_is_more_harmful
direct,double_original,global,0.2,ece,3,1234;1337;2027,-0.10372753118756634,0.0038671251070131287,-0.10759465629457947,0.006358259188061638,-0.11492751297317061,-0.10361299851344641,positive_means_high_pruning_is_more_harmful
direct,double_original,global,0.2,nll,3,1234;1337;2027,0.1493557983901158,0.006966823068324968,0.14238897532179084,0.026046710402944883,0.11231307152214398,0.1575324297839895,positive_means_high_pruning_is_more_harmful
direct,double_original,global,0.3,accuracy,3,1234;1337;2027,0.3237767584097859,0.0,0.3237767584097859,0.0036864108413581786,0.3211009174311927,0.3279816513761468,positive_means_high_pruning_is_more_harmful
direct,double_original,global,0.3,ece,3,1234;1337;2027,-0.10372753118756634,0.004428714988796489,-0.10815624617636282,0.005905705644641438,-0.1148735625805885,-0.10377994147114089,positive_means_high_pruning_is_more_harmful
direct,double_original,global,0.3,nll,3,1234;1337;2027,0.1493557983901158,0.006971420646169513,0.1423843777439463,0.026049269540695558,0.11230682533815362,0.15768786994825812,positive_means_high_pruning_is_more_harmful
direct,double_original,layer_balanced,0.0,accuracy,3,1234;1337;2027,0.0,0.0,0.0,0.0,0.0,0.0,positive_means_high_pruning_is_more_harmful
direct,double_original,layer_balanced,0.0,ece,3,1234;1337;2027,0.0,0.0,0.0,0.0,0.0,0.0,positive_means_high_pruning_is_more_harmful
direct,double_original,layer_balanced,0.0,nll,3,1234;1337;2027,0.0,0.0,0.0,0.0,0.0,0.0,positive_means_high_pruning_is_more_harmful
direct,double_original,layer_balanced,0.001,accuracy,3,1234;1337;2027,0.3237767584097859,0.0015290519877676119,0.32224770642201833,0.00895670834392967,0.3119266055045871,0.3279816513761468,positive_means_high_pruning_is_more_harmful
direct,double_original,layer_balanced,0.001,ece,3,1234;1337;2027,-0.10372753118756634,0.004648452053638748,-0.10837598324120508,0.012881928755602698,-0.12168228976470874,-0.09596516174558056,positive_means_high_pruning_is_more_harmful
direct,double_original,layer_balanced,0.001,nll,3,1234;1337;2027,0.1493557983901158,-0.0012467627268318848,0.1506025611169477,0.0260581425624119,0.13022667196912507,0.1799645545559192,positive_means_high_pruning_is_more_harmful
direct,double_original,layer_balanced,0.005,accuracy,3,1234;1337;2027,0.3237767584097859,0.0026758409785933024,0.3211009174311927,0.008956708343929635,0.31077981651376146,0.32683486238532106,positive_means_high_pruning_is_more_harmful
direct,double_original,layer_balanced,0.005,ece,3,1234;1337;2027,-0.10372753118756634,0.004016855810033064,-0.1077443869975994,0.011223376697712591,-0.11762089709509282,-0.09553942046983133,positive_means_high_pruning_is_more_harmful
direct,double_original,layer_balanced,0.005,nll,3,1234;1337;2027,0.1493557983901158,-0.0037165731191634763,0.1530723715092793,0.025167908921804493,0.13570393444201267,0.18193520954169262,positive_means_high_pruning_is_more_harmful
direct,double_original,layer_balanced,0.01,accuracy,3,1234;1337;2027,0.3237767584097859,0.004969418960244647,0.31880733944954126,0.007161694952291756,0.31077981651376146,0.32454128440366975,positive_means_high_pruning_is_more_harmful
direct,double_original,layer_balanced,0.01,ece,3,1234;1337;2027,-0.10372753118756634,0.004448290727785668,-0.10817582191535201,0.007751312050606642,-0.11653936939495291,-0.10123340628040728,positive_means_high_pruning_is_more_harmful
direct,double_original,layer_balanced,0.01,nll,3,1234;1337;2027,0.1493557983901158,-0.006880068838231779,0.1562358672283476,0.02199851912538317,0.14134019421874933,0.18150290792141488,positive_means_high_pruning_is_more_harmful
direct,double_original,layer_balanced,0.02,accuracy,3,1234;1337;2027,0.3237767584097859,0.004204892966360878,0.31957186544342503,0.008683346094495798,0.3096330275229358,0.3256880733944954,positive_means_high_pruning_is_more_harmful
direct,double_original,layer_balanced,0.02,ece,3,1234;1337;2027,-0.10372753118756634,0.006031276526075778,-0.1097588077136421,0.00920179447316182,-0.11897679765337588,-0.10057329467546863,positive_means_high_pruning_is_more_harmful
direct,double_original,layer_balanced,0.02,nll,3,1234;1337;2027,0.1493557983901158,-0.00511170998899213,0.15446750837910794,0.020565321826935885,0.14166972287204282,0.1781896507247872,positive_means_high_pruning_is_more_harmful
direct,double_original,layer_balanced,0.05,accuracy,3,1234;1337;2027,0.3237767584097859,0.0015290519877676119,0.32224770642201833,0.010192883506095844,0.31077981651376146,0.33027522935779813,positive_means_high_pruning_is_more_harmful
direct,double_original,layer_balanced,0.05,ece,3,1234;1337;2027,-0.10372753118756634,0.0021628614248101288,-0.10589039261237647,0.007836066456069294,-0.11483422192170811,-0.10023109618755854,positive_means_high_pruning_is_more_harmful
direct,double_original,layer_balanced,0.05,nll,3,1234;1337;2027,0.1493557983901158,-0.013498996102481805,0.16285479449259763,0.015930719941472875,0.15116760667857776,0.18100062675705741,positive_means_high_pruning_is_more_harmful
direct,double_original,layer_balanced,0.1,accuracy,3,1234;1337;2027,0.3237767584097859,-0.003058103975535187,0.32683486238532117,0.00606823695198299,0.319954128440367,0.3314220183486239,positive_means_high_pruning_is_more_harmful
direct,double_original,layer_balanced,0.1,ece,3,1234;1337;2027,-0.10372753118756634,-0.006267916735170372,-0.09745961445239597,0.0018842086603262772,-0.09935104502360281,-0.09558271171446264,positive_means_high_pruning_is_more_harmful
direct,double_original,layer_balanced,0.1,nll,3,1234;1337;2027,0.1493557983901158,-0.024623357420303044,0.17397915581041887,0.01654203749625731,0.15507289685240577,0.1857889850341946,positive_means_high_pruning_is_more_harmful
direct,double_original,layer_balanced,0.2,accuracy,3,1234;1337;2027,0.3237767584097859,-0.0057339449541284155,0.32951070336391436,0.004027390578307611,0.3256880733944954,0.3337155963302752,positive_means_high_pruning_is_more_harmful
direct,double_original,layer_balanced,0.2,ece,3,1234;1337;2027,-0.10372753118756634,-0.009738251355366823,-0.09398927983219951,0.00664947520098898,-0.10165480202495192,-0.08977527395502927,positive_means_high_pruning_is_more_harmful
direct,double_original,layer_balanced,0.2,nll,3,1234;1337;2027,0.1493557983901158,-0.047464344194813955,0.19682014258492977,0.01870055924142919,0.1763704579084291,0.21305070831141343,positive_means_high_pruning_is_more_harmful
direct,double_original,layer_balanced,0.3,accuracy,3,1234;1337;2027,0.3237767584097859,-0.0011467889908256905,0.32492354740061163,0.006316021269823543,0.31880733944954126,0.3314220183486239,positive_means_high_pruning_is_more_harmful
direct,double_original,layer_balanced,0.3,ece,3,1234;1337;2027,-0.10372753118756634,-0.023473237066141645,-0.0802542941214247,0.006763257376354236,-0.0867654381638423,-0.07326436770045985,positive_means_high_pruning_is_more_harmful
direct,double_original,layer_balanced,0.3,nll,3,1234;1337;2027,0.1493557983901158,-0.0669709558424964,0.21632675423261225,0.021567527634949513,0.19917125138667746,0.24053859628668617,positive_means_high_pruning_is_more_harmful
direct,u_positive,global,0.0,accuracy,3,1234;1337;2027,0.0,0.0,0.0,0.0,0.0,0.0,positive_means_high_pruning_is_more_harmful
direct,u_positive,global,0.0,ece,3,1234;1337;2027,0.0,0.0,0.0,0.0,0.0,0.0,positive_means_high_pruning_is_more_harmful
direct,u_positive,global,0.0,nll,3,1234;1337;2027,0.0,0.0,0.0,0.0,0.0,0.0,positive_means_high_pruning_is_more_harmful
direct,u_positive,global,0.001,accuracy,3,1234;1337;2027,0.3237767584097859,0.0,0.3237767584097859,0.006520918237473971,0.31651376146788995,0.3291284403669725,positive_means_high_pruning_is_more_harmful
direct,u_positive,global,0.001,ece,3,1234;1337;2027,-0.10372753118756634,0.0,-0.10372753118756634,0.007911690067749102,-0.11209867872439416,-0.09637371556985874,positive_means_high_pruning_is_more_harmful
direct,u_positive,global,0.001,nll,3,1234;1337;2027,0.1493557983901158,0.0,0.1493557983901158,0.01670989282012893,0.13379053757825032,0.16701327107094843,positive_means_high_pruning_is_more_harmful
direct,u_positive,global,0.005,accuracy,3,1234;1337;2027,0.3237767584097859,0.0,0.3237767584097859,0.006520918237473971,0.31651376146788995,0.3291284403669725,positive_means_high_pruning_is_more_harmful
direct,u_positive,global,0.005,ece,3,1234;1337;2027,-0.10372753118756634,0.0,-0.10372753118756634,0.007911690067749102,-0.11209867872439416,-0.09637371556985874,positive_means_high_pruning_is_more_harmful
direct,u_positive,global,0.005,nll,3,1234;1337;2027,0.1493557983901158,0.0,0.1493557983901158,0.01670989282012893,0.13379053757825032,0.16701327107094843,positive_means_high_pruning_is_more_harmful
direct,u_positive,global,0.01,accuracy,3,1234;1337;2027,0.3237767584097859,0.0,0.3237767584097859,0.006520918237473971,0.31651376146788995,0.3291284403669725,positive_means_high_pruning_is_more_harmful
direct,u_positive,global,0.01,ece,3,1234;1337;2027,-0.10372753118756634,0.0,-0.10372753118756634,0.007911690067749102,-0.11209867872439416,-0.09637371556985874,positive_means_high_pruning_is_more_harmful
direct,u_positive,global,0.01,nll,3,1234;1337;2027,0.1493557983901158,0.0,0.1493557983901158,0.01670989282012893,0.13379053757825032,0.16701327107094843,positive_means_high_pruning_is_more_harmful
direct,u_positive,global,0.02,accuracy,3,1234;1337;2027,0.3237767584097859,0.0,0.3237767584097859,0.006520918237473971,0.31651376146788995,0.3291284403669725,positive_means_high_pruning_is_more_harmful
direct,u_positive,global,0.02,ece,3,1234;1337;2027,-0.10372753118756634,-4.1094395086815894e-07,-0.10372712024361547,0.00791103785968809,-0.11209744589254156,-0.09637371556985874,positive_means_high_pruning_is_more_harmful
direct,u_positive,global,0.02,nll,3,1234;1337;2027,0.1493557983901158,4.2288310668029777e-07,0.14935537550700914,0.01671048369899064,0.13378926892893028,0.16701327107094843,positive_means_high_pruning_is_more_harmful
direct,u_positive,global,0.05,accuracy,3,1234;1337;2027,0.3237767584097859,0.0,0.3237767584097859,0.006520918237473971,0.31651376146788995,0.3291284403669725,positive_means_high_pruning_is_more_harmful
direct,u_positive,global,0.05,ece,3,1234;1337;2027,-0.10372753118756634,1.10572537958357e-05,-0.10373858844136218,0.007927762885938733,-0.11212935898437648,-0.09637371556985874,positive_means_high_pruning_is_more_harmful
direct,u_positive,global,0.05,nll,3,1234;1337;2027,0.1493557983901158,2.0396454254075398e-05,0.14933540193586173,0.01673944400401038,0.13372677810695188,0.16701327107094843,positive_means_high_pruning_is_more_harmful
direct,u_positive,global,0.1,accuracy,3,1234;1337;2027,0.3237767584097859,0.0,0.3237767584097859,0.006520918237473971,0.31651376146788995,0.3291284403669725,positive_means_high_pruning_is_more_harmful
direct,u_positive,global,0.1,ece,3,1234;1337;2027,-0.10372753118756634,-5.27751931818828e-06,-0.10372225366824815,0.00790397366254461,-0.11207663450149186,-0.09636291926870433,positive_means_high_pruning_is_more_harmful
direct,u_positive,global,0.1,nll,3,1234;1337;2027,0.1493557983901158,6.379702040204549e-06,0.1493494186880756,0.016752312110353555,0.13372332322488134,0.1670371216781642,positive_means_high_pruning_is_more_harmful
direct,u_positive,global,0.2,accuracy,3,1234;1337;2027,0.3237767584097859,0.0,0.3237767584097859,0.006520918237473971,0.31651376146788995,0.3291284403669725,positive_means_high_pruning_is_more_harmful
direct,u_positive,global,0.2,ece,3,1234;1337;2027,-0.10372753118756634,2.1028484977795674e-05,-0.10374855967254414,0.007897453131382962,-0.11209988943292415,-0.09640094990200154,positive_means_high_pruning_is_more_harmful
direct,u_positive,global,0.2,nll,3,1234;1337;2027,0.1493557983901158,1.982132411515458e-05,0.14933597706600066,0.01674646454997439,0.1337566974513028,0.1670457282607708,positive_means_high_pruning_is_more_harmful
direct,u_positive,global,0.3,accuracy,3,1234;1337;2027,0.3237767584097859,0.0,0.3237767584097859,0.006520918237473971,0.31651376146788995,0.3291284403669725,positive_means_high_pruning_is_more_harmful
direct,u_positive,global,0.3,ece,3,1234;1337;2027,-0.10372753118756634,-9.048378279008507e-05,-0.10363704740477625,0.008376345392752121,-0.11242456643425913,-0.09574360303014573,positive_means_high_pruning_is_more_harmful
direct,u_positive,global,0.3,nll,3,1234;1337;2027,0.1493557983901158,-2.4246877851112163e-05,0.14938004526796692,0.016586284338040696,0.13401215256900967,0.16696226084177646,positive_means_high_pruning_is_more_harmful
direct,u_positive,layer_balanced,0.0,accuracy,3,1234;1337;2027,0.0,0.0,0.0,0.0,0.0,0.0,positive_means_high_pruning_is_more_harmful
direct,u_positive,layer_balanced,0.0,ece,3,1234;1337;2027,0.0,0.0,0.0,0.0,0.0,0.0,positive_means_high_pruning_is_more_harmful
direct,u_positive,layer_balanced,0.0,nll,3,1234;1337;2027,0.0,0.0,0.0,0.0,0.0,0.0,positive_means_high_pruning_is_more_harmful
direct,u_positive,layer_balanced,0.001,accuracy,3,1234;1337;2027,0.3237767584097859,0.0,0.3237767584097859,0.006520918237473971,0.31651376146788995,0.3291284403669725,positive_means_high_pruning_is_more_harmful
direct,u_positive,layer_balanced,0.001,ece,3,1234;1337;2027,-0.10372753118756634,0.0005251335737269843,-0.10425266476129331,0.0071851078300251845,-0.11212353204710834,-0.09804503820054095,positive_means_high_pruning_is_more_harmful
direct,u_positive,layer_balanced,0.001,nll,3,1234;1337;2027,0.1493557983901158,5.668841461888471e-05,0.14929910997549692,0.01628436761618072,0.13400010860294376,0.16641624217186501,positive_means_high_pruning_is_more_harmful
direct,u_positive,layer_balanced,0.005,accuracy,3,1234;1337;2027,0.3237767584097859,0.0011467889908256905,0.32262996941896027,0.006520918237474033,0.3153669724770642,0.3279816513761468,positive_means_high_pruning_is_more_harmful
direct,u_positive,layer_balanced,0.005,ece,3,1234;1337;2027,-0.10372753118756634,0.00015747818002766664,-0.103885009367594,0.00819110630515861,-0.11270814664045081,-0.09652243937558258,positive_means_high_pruning_is_more_harmful
direct,u_positive,layer_balanced,0.005,nll,3,1234;1337;2027,0.1493557983901158,-0.001526805763033175,0.150882604153149,0.01648935745950535,0.13500533328143827,0.1679225093727812,positive_means_high_pruning_is_more_harmful
direct,u_positive,layer_balanced,0.01,accuracy,3,1234;1337;2027,0.3237767584097859,0.000764525993883769,0.32301223241590216,0.005884864036062932,0.31651376146788995,0.3279816513761468,positive_means_high_pruning_is_more_harmful
direct,u_positive,layer_balanced,0.01,ece,3,1234;1337;2027,-0.10372753118756634,0.0010722087103798017,-0.10479973989794615,0.009218301405272595,-0.11485226853021369,-0.09674245564266126,positive_means_high_pruning_is_more_harmful
direct,u_positive,layer_balanced,0.01,nll,3,1234;1337;2027,0.1493557983901158,-0.0035110863113621735,0.152866884701478,0.014983943357643107,0.138553555405468,0.16844168524129677,positive_means_high_pruning_is_more_harmful
direct,u_positive,layer_balanced,0.02,accuracy,3,1234;1337;2027,0.3237767584097859,-0.0011467889908256534,0.3249235474006116,0.0057720446752834425,0.31880733944954126,0.33027522935779813,positive_means_high_pruning_is_more_harmful
direct,u_positive,layer_balanced,0.02,ece,3,1234;1337;2027,-0.10372753118756634,-0.001807149121593632,-0.1019203820659727,0.005902819072753909,-0.1082374184713828,-0.09654498287972119,positive_means_high_pruning_is_more_harmful
direct,u_positive,layer_balanced,0.02,nll,3,1234;1337;2027,0.1493557983901158,-0.00682608974636149,0.1561818881364773,0.012680954348698687,0.14395272923172064,0.1692708749153199,positive_means_high_pruning_is_more_harmful
direct,u_positive,layer_balanced,0.05,accuracy,3,1234;1337;2027,0.3237767584097859,3.700743415417188e-17,0.3237767584097859,0.006316021269823489,0.3176605504587156,0.33027522935779813,positive_means_high_pruning_is_more_harmful
direct,u_positive,layer_balanced,0.05,ece,3,1234;1337;2027,-0.10372753118756634,-0.001169985770173206,-0.10255754541739313,0.002214644649916865,-0.10486997343108523,-0.1004557318988486,positive_means_high_pruning_is_more_harmful
direct,u_positive,layer_balanced,0.05,nll,3,1234;1337;2027,0.1493557983901158,-0.014783936105554582,0.1641397344956704,0.009400658556098528,0.15855872877147215,0.17499321835850357,positive_means_high_pruning_is_more_harmful
direct,u_positive,layer_balanced,0.1,accuracy,3,1234;1337;2027,0.3237767584097859,0.0026758409785932655,0.3211009174311927,0.004134806508559604,0.31651376146788995,0.32454128440366975,positive_means_high_pruning_is_more_harmful
direct,u_positive,layer_balanced,0.1,ece,3,1234;1337;2027,-0.10372753118756634,-0.0037229171285391716,-0.10000461405902716,0.0031017907970441886,-0.10355103726939152,-0.09779750389615005,positive_means_high_pruning_is_more_harmful
direct,u_positive,layer_balanced,0.1,nll,3,1234;1337;2027,0.1493557983901158,-0.022903858977355696,0.1722596573674715,0.007874887786583067,0.16324050314382677,0.1777717315959274,positive_means_high_pruning_is_more_harmful
direct,u_positive,layer_balanced,0.2,accuracy,3,1234;1337;2027,0.3237767584097859,0.009556574923547409,0.31422018348623854,0.0030341184759915163,0.3119266055045871,0.3176605504587156,positive_means_high_pruning_is_more_harmful
direct,u_positive,layer_balanced,0.2,ece,3,1234;1337;2027,-0.10372753118756634,-0.0034527475318690917,-0.10027478365569724,0.005166695262231642,-0.10403709936589778,-0.09438382838609452,positive_means_high_pruning_is_more_harmful
direct,u_positive,layer_balanced,0.2,nll,3,1234;1337;2027,0.1493557983901158,-0.02590054877398577,0.17525634716410157,0.015551742775586448,0.16435661911964417,0.19306556593387503,positive_means_high_pruning_is_more_harmful
direct,u_positive,layer_balanced,0.3,accuracy,3,1234;1337;2027,0.3237767584097859,0.01299694189602448,0.31077981651376146,0.0049987373205742066,0.305045871559633,0.31422018348623854,positive_means_high_pruning_is_more_harmful
direct,u_positive,layer_balanced,0.3,ece,3,1234;1337;2027,-0.10372753118756634,-0.003551798555821384,-0.10017573263174495,0.009335673201604985,-0.10866544668076128,-0.09017775813480355,positive_means_high_pruning_is_more_harmful
direct,u_positive,layer_balanced,0.3,nll,3,1234;1337;2027,0.1493557983901158,-0.008713576270535076,0.15806937466065088,0.026649484901557007,0.1420958057866184,0.18883397437016902,positive_means_high_pruning_is_more_harmful
direct,u_signed,global,0.0,accuracy,3,1234;1337;2027,0.0,0.0,0.0,0.0,0.0,0.0,positive_means_high_pruning_is_more_harmful
direct,u_signed,global,0.0,ece,3,1234;1337;2027,0.0,0.0,0.0,0.0,0.0,0.0,positive_means_high_pruning_is_more_harmful
direct,u_signed,global,0.0,nll,3,1234;1337;2027,0.0,0.0,0.0,0.0,0.0,0.0,positive_means_high_pruning_is_more_harmful
direct,u_signed,global,0.001,accuracy,3,1234;1337;2027,0.3237767584097859,0.0,0.3237767584097859,0.006520918237473971,0.31651376146788995,0.3291284403669725,positive_means_high_pruning_is_more_harmful
direct,u_signed,global,0.001,ece,3,1234;1337;2027,-0.10372753118756634,5.18590805154151e-06,-0.10373271709561788,0.007912519044237926,-0.11210136321278608,-0.09637313353596744,positive_means_high_pruning_is_more_harmful
direct,u_signed,global,0.001,nll,3,1234;1337;2027,0.1493557983901158,-9.014017720465617e-06,0.14936481240783628,0.016711725574404392,0.1338335797874206,0.16704846187195643,positive_means_high_pruning_is_more_harmful
direct,u_signed,global,0.005,accuracy,3,1234;1337;2027,0.3237767584097859,0.0,0.3237767584097859,0.006520918237473971,0.31651376146788995,0.3291284403669725,positive_means_high_pruning_is_more_harmful
direct,u_signed,global,0.005,ece,3,1234;1337;2027,-0.10372753118756634,-9.837219180168036e-06,-0.10371769396838616,0.007904849046453985,-0.11207186431397775,-0.09635587696624381,positive_means_high_pruning_is_more_harmful
direct,u_signed,global,0.005,nll,3,1234;1337;2027,0.1493557983901158,5.974299317109318e-05,0.1492960553969447,0.01675931899090743,0.13371729276595856,0.167027840305359,positive_means_high_pruning_is_more_harmful
direct,u_signed,global,0.01,accuracy,3,1234;1337;2027,0.3237767584097859,0.0,0.3237767584097859,0.006520918237473971,0.31651376146788995,0.3291284403669725,positive_means_high_pruning_is_more_harmful
direct,u_signed,global,0.01,ece,3,1234;1337;2027,-0.10372753118756634,-1.3978401241288019e-05,-0.10371355278632505,0.007910584013084363,-0.11207832053834665,-0.09635306652538067,positive_means_high_pruning_is_more_harmful
direct,u_signed,global,0.01,nll,3,1234;1337;2027,0.1493557983901158,1.562439155866624e-05,0.14934017399855715,0.01667935872242021,0.13379692019672573,0.1669609863140168,positive_means_high_pruning_is_more_harmful
direct,u_signed,global,0.02,accuracy,3,1234;1337;2027,0.3237767584097859,0.0,0.3237767584097859,0.006520918237473971,0.31651376146788995,0.3291284403669725,positive_means_high_pruning_is_more_harmful
direct,u_signed,global,0.02,ece,3,1234;1337;2027,-0.10372753118756634,-0.00018581560626296234,-0.10354171558130337,0.008154492756537427,-0.11207229788402229,-0.09582423290877573,positive_means_high_pruning_is_more_harmful
direct,u_signed,global,0.02,nll,3,1234;1337;2027,0.1493557983901158,0.00017679744721921242,0.1491790009428966,0.016766907505629237,0.13361266255378723,0.16693192535857537,positive_means_high_pruning_is_more_harmful
direct,u_signed,global,0.05,accuracy,3,1234;1337;2027,0.3237767584097859,0.0,0.3237767584097859,0.006520918237473971,0.31651376146788995,0.3291284403669725,positive_means_high_pruning_is_more_harmful
direct,u_signed,global,0.05,ece,3,1234;1337;2027,-0.10372753118756634,-0.00016681687700167055,-0.10356071431056467,0.008186390520490933,-0.11212221868749017,-0.09580973563714479,positive_means_high_pruning_is_more_harmful
direct,u_signed,global,0.05,nll,3,1234;1337;2027,0.1493557983901158,0.000241439459156223,0.1491143589309596,0.017079584401487206,0.13331702734352247,0.16723777114524752,positive_means_high_pruning_is_more_harmful
direct,u_signed,global,0.1,accuracy,3,1234;1337;2027,0.3237767584097859,0.0,0.3237767584097859,0.006520918237473971,0.31651376146788995,0.3291284403669725,positive_means_high_pruning_is_more_harmful
direct,u_signed,global,0.1,ece,3,1234;1337;2027,-0.10372753118756634,0.0005483861596783934,-0.10427591734724473,0.00716726062267529,-0.11210832861595088,-0.09804462529512331,positive_means_high_pruning_is_more_harmful
direct,u_signed,global,0.1,nll,3,1234;1337;2027,0.1493557983901158,0.0001889162836454424,0.14916688210647036,0.016676565780737524,0.13371214051859093,0.16684267328146396,positive_means_high_pruning_is_more_harmful
direct,u_signed,global,0.2,accuracy,3,1234;1337;2027,0.3237767584097859,0.0,0.3237767584097859,0.006520918237473971,0.31651376146788995,0.3291284403669725,positive_means_high_pruning_is_more_harmful
direct,u_signed,global,0.2,ece,3,1234;1337;2027,-0.10372753118756634,-0.00012705723694002766,-0.10360047395062631,0.008199111926443335,-0.11215670265409661,-0.0958125662769449,positive_means_high_pruning_is_more_harmful
direct,u_signed,global,0.2,nll,3,1234;1337;2027,0.1493557983901158,0.00020653419538378218,0.14914926419473204,0.016937969329439723,0.13330156567993512,0.16699947450959352,positive_means_high_pruning_is_more_harmful
direct,u_signed,global,0.3,accuracy,3,1234;1337;2027,0.3237767584097859,0.0,0.3237767584097859,0.006520918237473971,0.31651376146788995,0.3291284403669725,positive_means_high_pruning_is_more_harmful
direct,u_signed,global,0.3,ece,3,1234;1337;2027,-0.10372753118756634,0.0001657562080404166,-0.10389328739560676,0.007638431626850713,-0.11201003255960607,-0.09684585581869021,positive_means_high_pruning_is_more_harmful
direct,u_signed,global,0.3,nll,3,1234;1337;2027,0.1493557983901158,-0.00019989185468135182,0.14955569024479717,0.017130614616847523,0.13389986179290558,0.16785400244620963,positive_means_high_pruning_is_more_harmful
direct,u_signed,layer_balanced,0.0,accuracy,3,1234;1337;2027,0.0,0.0,0.0,0.0,0.0,0.0,positive_means_high_pruning_is_more_harmful
direct,u_signed,layer_balanced,0.0,ece,3,1234;1337;2027,0.0,0.0,0.0,0.0,0.0,0.0,positive_means_high_pruning_is_more_harmful
direct,u_signed,layer_balanced,0.0,nll,3,1234;1337;2027,0.0,0.0,0.0,0.0,0.0,0.0,positive_means_high_pruning_is_more_harmful
direct,u_signed,layer_balanced,0.001,accuracy,3,1234;1337;2027,0.3237767584097859,-0.0007645259938838059,0.32454128440366975,0.006975645103552986,0.31651376146788995,0.3291284403669725,positive_means_high_pruning_is_more_harmful
direct,u_signed,layer_balanced,0.001,ece,3,1234;1337;2027,-0.10372753118756634,-0.001266511656312234,-0.1024610195312541,0.008509085699691804,-0.11205857469435476,-0.09584022641378498,positive_means_high_pruning_is_more_harmful
direct,u_signed,layer_balanced,0.001,nll,3,1234;1337;2027,0.1493557983901158,0.0007497868543371311,0.14860601153577868,0.016938933733860257,0.13237389894800444,0.1661728014913174,positive_means_high_pruning_is_more_harmful
direct,u_signed,layer_balanced,0.005,accuracy,3,1234;1337;2027,0.3237767584097859,-0.0011467889908256534,0.3249235474006116,0.006520918237473971,0.3176605504587156,0.33027522935779813,positive_means_high_pruning_is_more_harmful
direct,u_signed,layer_balanced,0.005,ece,3,1234;1337;2027,-0.10372753118756634,-0.001329369787331706,-0.10239816140023462,0.006663938568463063,-0.11008885486949632,-0.0983337194451146,positive_means_high_pruning_is_more_harmful
direct,u_signed,layer_balanced,0.005,nll,3,1234;1337;2027,0.1493557983901158,-0.0005501851393906835,0.1499059835295065,0.015895829784315165,0.1341299078333269,0.16591892022331922,positive_means_high_pruning_is_more_harmful
direct,u_signed,layer_balanced,0.01,accuracy,3,1234;1337;2027,0.3237767584097859,-0.000764525993883769,0.3245412844036697,0.007161694952291694,0.31651376146788995,0.33027522935779813,positive_means_high_pruning_is_more_harmful
direct,u_signed,layer_balanced,0.01,ece,3,1234;1337;2027,-0.10372753118756634,-0.0009285460825474249,-0.1027989851050189,0.007404684565685213,-0.11134369083392681,-0.09826138420179148,positive_means_high_pruning_is_more_harmful
direct,u_signed,layer_balanced,0.01,nll,3,1234;1337;2027,0.1493557983901158,-0.0023550602410911115,0.15171085863120692,0.014196437945354329,0.1376656496196712,0.16605384073673035,positive_means_high_pruning_is_more_harmful
direct,u_signed,layer_balanced,0.02,accuracy,3,1234;1337;2027,0.3237767584097859,3.700743415417188e-17,0.3237767584097859,0.008453113297972445,0.31422018348623854,0.33027522935779813,positive_means_high_pruning_is_more_harmful
direct,u_signed,layer_balanced,0.02,ece,3,1234;1337;2027,-0.10372753118756634,-0.0018364842603596683,-0.10189104692720667,0.0068359510158957654,-0.10961397181293853,-0.09661623749979165,positive_means_high_pruning_is_more_harmful
direct,u_signed,layer_balanced,0.02,nll,3,1234;1337;2027,0.1493557983901158,-0.00551452041127994,0.15487031880139576,0.011969151473937064,0.14397484392201132,0.1676819585605499,positive_means_high_pruning_is_more_harmful
direct,u_signed,layer_balanced,0.05,accuracy,3,1234;1337;2027,0.3237767584097859,-0.0011467889908256534,0.3249235474006116,0.0033104946627845154,0.3211009174311927,0.32683486238532106,positive_means_high_pruning_is_more_harmful
direct,u_signed,layer_balanced,0.05,ece,3,1234;1337;2027,-0.10372753118756634,-0.004323450014001158,-0.09940408117356518,0.0034513881645831163,-0.1017784276789005,-0.09544491598961852,positive_means_high_pruning_is_more_harmful
direct,u_signed,layer_balanced,0.05,nll,3,1234;1337;2027,0.1493557983901158,-0.013956159489964093,0.1633119578800799,0.007635805455291446,0.156527831193504,0.17158123802974679,positive_means_high_pruning_is_more_harmful
direct,u_signed,layer_balanced,0.1,accuracy,3,1234;1337;2027,0.3237767584097859,-0.0003822629969418845,0.3241590214067278,0.001751749118866919,0.32224770642201833,0.3256880733944954,positive_means_high_pruning_is_more_harmful
direct,u_signed,layer_balanced,0.1,ece,3,1234;1337;2027,-0.10372753118756634,-0.006679006253309611,-0.09704852493425671,0.002619555389033379,-0.09892298976211392,-0.09405536045844998,positive_means_high_pruning_is_more_harmful
direct,u_signed,layer_balanced,0.1,nll,3,1234;1337;2027,0.1493557983901158,-0.02230477023197604,0.17166056862209186,0.009913238926985481,0.16108878818126993,0.18074782698526293,positive_means_high_pruning_is_more_harmful
direct,u_signed,layer_balanced,0.2,accuracy,3,1234;1337;2027,0.3237767584097859,-0.0022935779816513437,0.3260703363914373,0.004634692527898424,0.323394495412844,0.3314220183486239,positive_means_high_pruning_is_more_harmful
direct,u_signed,layer_balanced,0.2,ece,3,1234;1337;2027,-0.10372753118756634,-0.016859402237879184,-0.08686812894968715,0.008080334912371439,-0.09376563893164652,-0.07797785952496139,positive_means_high_pruning_is_more_harmful
direct,u_signed,layer_balanced,0.2,nll,3,1234;1337;2027,0.1493557983901158,-0.04630333718356733,0.1956591355736831,0.016230664862063114,0.1834013161309268,0.21406582517361422,positive_means_high_pruning_is_more_harmful
direct,u_signed,layer_balanced,0.3,accuracy,3,1234;1337;2027,0.3237767584097859,-0.0026758409785932655,0.32645259938837917,0.005171157973420758,0.3211009174311927,0.3314220183486239,positive_means_high_pruning_is_more_harmful
direct,u_signed,layer_balanced,0.3,ece,3,1234;1337;2027,-0.10372753118756634,-0.020364090433797555,-0.08336344075376878,0.012053076279035594,-0.09206383583778432,-0.0696055871899467,positive_means_high_pruning_is_more_harmful
direct,u_signed,layer_balanced,0.3,nll,3,1234;1337;2027,0.1493557983901158,-0.05919454524732145,0.20855034363743727,0.022198168030620948,0.1925163755723096,0.23388617766012837,positive_means_high_pruning_is_more_harmful
pretrained,double_near_zero,global,0.0,accuracy,3,1234;1337;2027,0.0,0.0,0.0,0.0,0.0,0.0,positive_means_high_pruning_is_more_harmful
pretrained,double_near_zero,global,0.0,ece,3,1234;1337;2027,0.0,0.0,0.0,0.0,0.0,0.0,positive_means_high_pruning_is_more_harmful
pretrained,double_near_zero,global,0.0,nll,3,1234;1337;2027,0.0,0.0,0.0,0.0,0.0,0.0,positive_means_high_pruning_is_more_harmful
pretrained,double_near_zero,global,0.001,accuracy,3,1234;1337;2027,0.33562691131498473,0.0,0.33562691131498473,0.0036864108413581557,0.3314220183486239,0.33830275229357804,positive_means_high_pruning_is_more_harmful
pretrained,double_near_zero,global,0.001,ece,3,1234;1337;2027,-0.09722702278701051,0.0,-0.09722702278701051,0.0036377750134592712,-0.1012649903211495,-0.09420578122202761,positive_means_high_pruning_is_more_harmful
pretrained,double_near_zero,global,0.001,nll,3,1234;1337;2027,0.17150999218316618,0.0,0.17150999218316618,0.023988743483978836,0.14423169920203882,0.18931817488932823,positive_means_high_pruning_is_more_harmful
pretrained,double_near_zero,global,0.005,accuracy,3,1234;1337;2027,0.33562691131498473,0.0,0.33562691131498473,0.0036864108413581557,0.3314220183486239,0.33830275229357804,positive_means_high_pruning_is_more_harmful
pretrained,double_near_zero,global,0.005,ece,3,1234;1337;2027,-0.09722702278701051,0.0,-0.09722702278701051,0.0036377750134592712,-0.1012649903211495,-0.09420578122202761,positive_means_high_pruning_is_more_harmful
pretrained,double_near_zero,global,0.005,nll,3,1234;1337;2027,0.17150999218316618,0.0,0.17150999218316618,0.023988743483978836,0.14423169920203882,0.18931817488932823,positive_means_high_pruning_is_more_harmful
pretrained,double_near_zero,global,0.01,accuracy,3,1234;1337;2027,0.33562691131498473,0.0,0.33562691131498473,0.0036864108413581557,0.3314220183486239,0.33830275229357804,positive_means_high_pruning_is_more_harmful
pretrained,double_near_zero,global,0.01,ece,3,1234;1337;2027,-0.09722702278701051,0.0,-0.09722702278701051,0.0036377750134592712,-0.1012649903211495,-0.09420578122202761,positive_means_high_pruning_is_more_harmful
pretrained,double_near_zero,global,0.01,nll,3,1234;1337;2027,0.17150999218316618,0.0,0.17150999218316618,0.023988743483978836,0.14423169920203882,0.18931817488932823,positive_means_high_pruning_is_more_harmful
pretrained,double_near_zero,global,0.02,accuracy,3,1234;1337;2027,0.33562691131498473,0.0,0.33562691131498473,0.0036864108413581557,0.3314220183486239,0.33830275229357804,positive_means_high_pruning_is_more_harmful
pretrained,double_near_zero,global,0.02,ece,3,1234;1337;2027,-0.09722702278701051,0.0,-0.09722702278701051,0.0036377750134592712,-0.1012649903211495,-0.09420578122202761,positive_means_high_pruning_is_more_harmful
pretrained,double_near_zero,global,0.02,nll,3,1234;1337;2027,0.17150999218316618,0.0,0.17150999218316618,0.023988743483978836,0.14423169920203882,0.18931817488932823,positive_means_high_pruning_is_more_harmful
pretrained,double_near_zero,global,0.05,accuracy,3,1234;1337;2027,0.33562691131498473,0.0,0.33562691131498473,0.0036864108413581557,0.3314220183486239,0.33830275229357804,positive_means_high_pruning_is_more_harmful
pretrained,double_near_zero,global,0.05,ece,3,1234;1337;2027,-0.09722702278701051,0.0,-0.09722702278701051,0.0036377750134592712,-0.1012649903211495,-0.09420578122202761,positive_means_high_pruning_is_more_harmful
pretrained,double_near_zero,global,0.05,nll,3,1234;1337;2027,0.17150999218316618,0.0,0.17150999218316618,0.023988743483978836,0.14423169920203882,0.18931817488932823,positive_means_high_pruning_is_more_harmful
pretrained,double_near_zero,global,0.1,accuracy,3,1234;1337;2027,0.33562691131498473,0.0,0.33562691131498473,0.0036864108413581557,0.3314220183486239,0.33830275229357804,positive_means_high_pruning_is_more_harmful
pretrained,double_near_zero,global,0.1,ece,3,1234;1337;2027,-0.09722702278701051,0.0,-0.09722702278701051,0.0036377750134592712,-0.1012649903211495,-0.09420578122202761,positive_means_high_pruning_is_more_harmful
pretrained,double_near_zero,global,0.1,nll,3,1234;1337;2027,0.17150999218316618,0.0,0.17150999218316618,0.023988743483978836,0.14423169920203882,0.18931817488932823,positive_means_high_pruning_is_more_harmful
pretrained,double_near_zero,global,0.2,accuracy,3,1234;1337;2027,0.33562691131498473,-0.0003822629969419215,0.3360091743119267,0.00397259359534147,0.3314220183486239,0.33830275229357804,positive_means_high_pruning_is_more_harmful
pretrained,double_near_zero,global,0.2,ece,3,1234;1337;2027,-0.09722702278701051,-0.0011722984796085727,-0.09605472430740193,0.003518834656245503,-0.09994767261693244,-0.09310032533773871,positive_means_high_pruning_is_more_harmful
pretrained,double_near_zero,global,0.2,nll,3,1234;1337;2027,0.17150999218316618,0.00010724743936407766,0.1714027447438021,0.024305152521120314,0.14374443095758416,0.18935545568072465,positive_means_high_pruning_is_more_harmful
pretrained,double_near_zero,global,0.3,accuracy,3,1234;1337;2027,0.33562691131498473,0.0,0.33562691131498473,0.0036864108413581557,0.3314220183486239,0.33830275229357804,positive_means_high_pruning_is_more_harmful
pretrained,double_near_zero,global,0.3,ece,3,1234;1337;2027,-0.09722702278701051,-0.0005158588057424159,-0.0967111639812681,0.0030411544847767477,-0.1001621674422235,-0.09442303276824165,positive_means_high_pruning_is_more_harmful
pretrained,double_near_zero,global,0.3,nll,3,1234;1337;2027,0.17150999218316618,0.0003193833776934755,0.17119060880547268,0.02397335878031205,0.14392222368389096,0.1889537613873088,positive_means_high_pruning_is_more_harmful
pretrained,double_near_zero,layer_balanced,0.0,accuracy,3,1234;1337;2027,0.0,0.0,0.0,0.0,0.0,0.0,positive_means_high_pruning_is_more_harmful
pretrained,double_near_zero,layer_balanced,0.0,ece,3,1234;1337;2027,0.0,0.0,0.0,0.0,0.0,0.0,positive_means_high_pruning_is_more_harmful
pretrained,double_near_zero,layer_balanced,0.0,nll,3,1234;1337;2027,0.0,0.0,0.0,0.0,0.0,0.0,positive_means_high_pruning_is_more_harmful
pretrained,double_near_zero,layer_balanced,0.001,accuracy,3,1234;1337;2027,0.33562691131498473,3.700743415417188e-17,0.33562691131498473,0.004774463301527852,0.33027522935779813,0.3394495412844037,positive_means_high_pruning_is_more_harmful
pretrained,double_near_zero,layer_balanced,0.001,ece,3,1234;1337;2027,-0.09722702278701051,-0.0007365349177728316,-0.09649048786923768,0.003969705982253103,-0.10106757336123567,-0.09398681287381483,positive_means_high_pruning_is_more_harmful
pretrained,double_near_zero,layer_balanced,0.001,nll,3,1234;1337;2027,0.17150999218316618,0.0005627198868206248,0.17094727229634554,0.024135716612798546,0.14341630137294803,0.18846336389900342,positive_means_high_pruning_is_more_harmful
pretrained,double_near_zero,layer_balanced,0.005,accuracy,3,1234;1337;2027,0.33562691131498473,-0.0007645259938838059,0.33639143730886856,0.007635697383577286,0.3279816513761468,0.34288990825688076,positive_means_high_pruning_is_more_harmful
pretrained,double_near_zero,layer_balanced,0.005,ece,3,1234;1337;2027,-0.09722702278701051,-0.0020171433613166514,-0.09520987942569385,0.007117024953817727,-0.10323694006463227,-0.08967097462191975,positive_means_high_pruning_is_more_harmful
pretrained,double_near_zero,layer_balanced,0.005,nll,3,1234;1337;2027,0.17150999218316618,-0.0007620230544962414,0.17227201523766242,0.025036214924228643,0.1437534793801264,0.19063395207081368,positive_means_high_pruning_is_more_harmful
pretrained,double_near_zero,layer_balanced,0.01,accuracy,3,1234;1337;2027,0.33562691131498473,-0.0030581039755351127,0.33868501529051986,0.004341673047247911,0.3337155963302752,0.341743119266055,positive_means_high_pruning_is_more_harmful
pretrained,double_near_zero,layer_balanced,0.01,ece,3,1234;1337;2027,-0.09722702278701051,-0.004146639068845807,-0.0930803837181647,0.006731718406138173,-0.1008141082058045,-0.08853664492614721,positive_means_high_pruning_is_more_harmful
pretrained,double_near_zero,layer_balanced,0.01,nll,3,1234;1337;2027,0.17150999218316618,-0.003048730233758253,0.1745587224169244,0.02431323624721528,0.14687026394616576,0.19242108647429612,positive_means_high_pruning_is_more_harmful
pretrained,double_near_zero,layer_balanced,0.02,accuracy,3,1234;1337;2027,0.33562691131498473,0.000764525993883843,0.33486238532110085,0.005255247356600745,0.33027522935779813,0.34059633027522934,positive_means_high_pruning_is_more_harmful
pretrained,double_near_zero,layer_balanced,0.02,ece,3,1234;1337;2027,-0.09722702278701051,-0.004734193630476465,-0.09249282915653405,0.006246264360813147,-0.09968190053458792,-0.08839454947885872,positive_means_high_pruning_is_more_harmful
pretrained,double_near_zero,layer_balanced,0.02,nll,3,1234;1337;2027,0.17150999218316618,-0.006897582008933441,0.17840757419209963,0.024064439730488284,0.15081559025913205,0.1950512101890844,positive_means_high_pruning_is_more_harmful
pretrained,double_near_zero,layer_balanced,0.05,accuracy,3,1234;1337;2027,0.33562691131498473,-0.00420489296636084,0.3398318042813456,0.0036864108413581557,0.33715596330275227,0.3440366972477064,positive_means_high_pruning_is_more_harmful
pretrained,double_near_zero,layer_balanced,0.05,ece,3,1234;1337;2027,-0.09722702278701051,-0.007994318749823684,-0.08923270403718682,0.007575241286679876,-0.09676354490016659,-0.08161382963895814,positive_means_high_pruning_is_more_harmful
pretrained,double_near_zero,layer_balanced,0.05,nll,3,1234;1337;2027,0.17150999218316618,-0.0145325085620997,0.18604250074526588,0.021569361454680486,0.16132784600651595,0.20106942254468935,positive_means_high_pruning_is_more_harmful
pretrained,double_near_zero,layer_balanced,0.1,accuracy,3,1234;1337;2027,0.33562691131498473,-0.0034403669724770345,0.33906727828746175,0.005656975759536975,0.33256880733944955,0.34288990825688076,positive_means_high_pruning_is_more_harmful
pretrained,double_near_zero,layer_balanced,0.1,ece,3,1234;1337;2027,-0.09722702278701051,-0.006377971251667401,-0.0908490515353431,0.01136962114199127,-0.09857081005629298,-0.07779311279052994,positive_means_high_pruning_is_more_harmful
pretrained,double_near_zero,layer_balanced,0.1,nll,3,1234;1337;2027,0.17150999218316618,-0.022831178859833174,0.19434117104299933,0.02370284395941764,0.16828502085777597,0.21462407831205138,positive_means_high_pruning_is_more_harmful
pretrained,double_near_zero,layer_balanced,0.2,accuracy,3,1234;1337;2027,0.33562691131498473,0.0019113149847094963,0.3337155963302752,0.006385050874805048,0.3279816513761468,0.34059633027522934,positive_means_high_pruning_is_more_harmful
pretrained,double_near_zero,layer_balanced,0.2,ece,3,1234;1337;2027,-0.09722702278701051,-0.010138636081765295,-0.08708838670524521,0.010652209138040207,-0.09355911968303476,-0.07479394904055336,positive_means_high_pruning_is_more_harmful
pretrained,double_near_zero,layer_balanced,0.2,nll,3,1234;1337;2027,0.17150999218316618,-0.028982722157732083,0.20049271434089824,0.024451762091161906,0.17323573548859417,0.22049940862786876,positive_means_high_pruning_is_more_harmful
pretrained,double_near_zero,layer_balanced,0.3,accuracy,3,1234;1337;2027,0.33562691131498473,0.0026758409785933024,0.33295107033639143,0.0023872316507639484,0.33027522935779813,0.33486238532110096,positive_means_high_pruning_is_more_harmful
pretrained,double_near_zero,layer_balanced,0.3,ece,3,1234;1337;2027,-0.09722702278701051,-0.010362179138088179,-0.08686484364892233,0.005748573105404528,-0.09196914432583969,-0.08063768600463472,positive_means_high_pruning_is_more_harmful
pretrained,double_near_zero,layer_balanced,0.3,nll,3,1234;1337;2027,0.17150999218316618,-0.03110051323696746,0.20261050542013362,0.020335284614963305,0.17914611401907898,0.21511117526150625,positive_means_high_pruning_is_more_harmful
pretrained,double_original,global,0.0,accuracy,3,1234;1337;2027,0.0,0.0,0.0,0.0,0.0,0.0,positive_means_high_pruning_is_more_harmful
pretrained,double_original,global,0.0,ece,3,1234;1337;2027,0.0,0.0,0.0,0.0,0.0,0.0,positive_means_high_pruning_is_more_harmful
pretrained,double_original,global,0.0,nll,3,1234;1337;2027,0.0,0.0,0.0,0.0,0.0,0.0,positive_means_high_pruning_is_more_harmful
pretrained,double_original,global,0.001,accuracy,3,1234;1337;2027,0.33562691131498473,0.0003822629969419215,0.33524464831804285,0.008907630120589444,0.3279816513761468,0.34518348623853207,positive_means_high_pruning_is_more_harmful
pretrained,double_original,global,0.001,ece,3,1234;1337;2027,-0.09722702278701051,-0.001114727971688878,-0.09611229481532163,0.007028624870900785,-0.10421360830526216,-0.09163961037087448,positive_means_high_pruning_is_more_harmful
pretrained,double_original,global,0.001,nll,3,1234;1337;2027,0.17150999218316618,0.00361979841639141,0.16789019376677475,0.02680403000578246,0.1373955954652314,0.1877217737086322,positive_means_high_pruning_is_more_harmful
pretrained,double_original,global,0.005,accuracy,3,1234;1337;2027,0.33562691131498473,0.0034403669724770714,0.33218654434250766,0.006620989325569095,0.32454128440366975,0.3360091743119266,positive_means_high_pruning_is_more_harmful
pretrained,double_original,global,0.005,ece,3,1234;1337;2027,-0.09722702278701051,-0.001487894016849715,-0.09573912877016079,0.010307729423855145,-0.10737415421311708,-0.08774930781048784,positive_means_high_pruning_is_more_harmful
pretrained,double_original,global,0.005,nll,3,1234;1337;2027,0.17150999218316618,-0.0011132509427697983,0.17262324312593594,0.028825510451040284,0.14019248682424568,0.19532665541959465,positive_means_high_pruning_is_more_harmful
pretrained,double_original,global,0.01,accuracy,3,1234;1337;2027,0.33562691131498473,0.006498470948012258,0.3291284403669725,0.0075199983076857735,0.32224770642201833,0.33715596330275227,positive_means_high_pruning_is_more_harmful
pretrained,double_original,global,0.01,ece,3,1234;1337;2027,-0.09722702278701051,0.00046305646863113264,-0.09769007925564165,0.005526918141427107,-0.10366596646654053,-0.09276218637920663,positive_means_high_pruning_is_more_harmful
pretrained,double_original,global,0.01,nll,3,1234;1337;2027,0.17150999218316618,-0.003805531046441583,0.17531552322960775,0.0315408521070712,0.13977623642037773,0.19998043105689756,positive_means_high_pruning_is_more_harmful
pretrained,double_original,global,0.02,accuracy,3,1234;1337;2027,0.33562691131498473,0.003822629969418956,0.3318042813455658,0.006316021269823543,0.3256880733944954,0.33830275229357804,positive_means_high_pruning_is_more_harmful
pretrained,double_original,global,0.02,ece,3,1234;1337;2027,-0.09722702278701051,-0.0016010730628513066,-0.0956259497241592,0.0019051021009252852,-0.09775848142203936,-0.0940920885019505,positive_means_high_pruning_is_more_harmful
pretrained,double_original,global,0.02,nll,3,1234;1337;2027,0.17150999218316618,-0.009048560753874854,0.18055855293704104,0.03241422093278711,0.14419088287091042,0.2064056868126633,positive_means_high_pruning_is_more_harmful
pretrained,double_original,global,0.05,accuracy,3,1234;1337;2027,0.33562691131498473,0.003822629969418956,0.3318042813455658,0.006316021269823543,0.3256880733944954,0.33830275229357804,positive_means_high_pruning_is_more_harmful
pretrained,double_original,global,0.05,ece,3,1234;1337;2027,-0.09722702278701051,-0.0016010730628513066,-0.0956259497241592,0.0019051021009252852,-0.09775848142203936,-0.0940920885019505,positive_means_high_pruning_is_more_harmful
pretrained,double_original,global,0.05,nll,3,1234;1337;2027,0.17150999218316618,-0.009048560753874854,0.18055855293704104,0.03241422093278711,0.14419088287091042,0.2064056868126633,positive_means_high_pruning_is_more_harmful
pretrained,double_original,global,0.1,accuracy,3,1234;1337;2027,0.33562691131498473,0.003822629969418956,0.3318042813455658,0.006316021269823543,0.3256880733944954,0.33830275229357804,positive_means_high_pruning_is_more_harmful
pretrained,double_original,global,0.1,ece,3,1234;1337;2027,-0.09722702278701051,-0.0016010730628513066,-0.0956259497241592,0.0019051021009252852,-0.09775848142203936,-0.0940920885019505,positive_means_high_pruning_is_more_harmful
pretrained,double_original,global,0.1,nll,3,1234;1337;2027,0.17150999218316618,-0.009048560753874854,0.18055855293704104,0.03241422093278711,0.14419088287091042,0.2064056868126633,positive_means_high_pruning_is_more_harmful
pretrained,double_original,global,0.2,accuracy,3,1234;1337;2027,0.33562691131498473,0.003822629969418956,0.3318042813455658,0.006316021269823543,0.3256880733944954,0.33830275229357804,positive_means_high_pruning_is_more_harmful
pretrained,double_original,global,0.2,ece,3,1234;1337;2027,-0.09722702278701051,-0.00205877108059338,-0.09516825170641713,0.002523965316328177,-0.09775848142203936,-0.09271623000998058,positive_means_high_pruning_is_more_harmful
pretrained,double_original,global,0.2,nll,3,1234;1337;2027,0.17150999218316618,-0.00925910167555564,0.18076909385872178,0.032666398775312536,0.14419088287091042,0.20703438074763764,positive_means_high_pruning_is_more_harmful
pretrained,double_original,global,0.3,accuracy,3,1234;1337;2027,0.33562691131498473,0.003822629969418956,0.3318042813455658,0.006316021269823543,0.3256880733944954,0.33830275229357804,positive_means_high_pruning_is_more_harmful
pretrained,double_original,global,0.3,ece,3,1234;1337;2027,-0.09722702278701051,-0.0013304458394274947,-0.09589657694758302,0.0015785096011548775,-0.09771665133301122,-0.09490174892653683,positive_means_high_pruning_is_more_harmful
pretrained,double_original,global,0.3,nll,3,1234;1337;2027,0.17150999218316618,-0.009253124077021169,0.18076311626018735,0.03274814527954497,0.1441704122298354,0.20731607339250935,positive_means_high_pruning_is_more_harmful
pretrained,double_original,layer_balanced,0.0,accuracy,3,1234;1337;2027,0.0,0.0,0.0,0.0,0.0,0.0,positive_means_high_pruning_is_more_harmful
pretrained,double_original,layer_balanced,0.0,ece,3,1234;1337;2027,0.0,0.0,0.0,0.0,0.0,0.0,positive_means_high_pruning_is_more_harmful
pretrained,double_original,layer_balanced,0.0,nll,3,1234;1337;2027,0.0,0.0,0.0,0.0,0.0,0.0,positive_means_high_pruning_is_more_harmful
pretrained,double_original,layer_balanced,0.001,accuracy,3,1234;1337;2027,0.33562691131498473,0.0026758409785932655,0.33295107033639143,0.006520918237474033,0.3256880733944954,0.33830275229357804,positive_means_high_pruning_is_more_harmful
pretrained,double_original,layer_balanced,0.001,ece,3,1234;1337;2027,-0.09722702278701051,0.0012067909403492376,-0.09843381372735975,0.00854352830069481,-0.10794444022409005,-0.09140850850664278,positive_means_high_pruning_is_more_harmful
pretrained,double_original,layer_balanced,0.001,nll,3,1234;1337;2027,0.17150999218316618,0.006399987852172366,0.1651100043309938,0.026570538280555972,0.1354616546849592,0.18676974986671313,positive_means_high_pruning_is_more_harmful
pretrained,double_original,layer_balanced,0.005,accuracy,3,1234;1337;2027,0.33562691131498473,3.700743415417188e-17,0.33562691131498473,0.004774463301527852,0.33027522935779813,0.3394495412844037,positive_means_high_pruning_is_more_harmful
pretrained,double_original,layer_balanced,0.005,ece,3,1234;1337;2027,-0.09722702278701051,-0.0019390119688521372,-0.09528801081815837,0.007281906787916541,-0.10318163542935754,-0.08883237720744197,positive_means_high_pruning_is_more_harmful
pretrained,double_original,layer_balanced,0.005,nll,3,1234;1337;2027,0.17150999218316618,0.002377438162444919,0.16913255402072125,0.0260044001345059,0.14207580412199738,0.19393825312273216,positive_means_high_pruning_is_more_harmful
pretrained,double_original,layer_balanced,0.01,accuracy,3,1234;1337;2027,0.33562691131498473,-0.001529051987767538,0.33715596330275227,0.006068236951983012,0.33027522935779813,0.341743119266055,positive_means_high_pruning_is_more_harmful
pretrained,double_original,layer_balanced,0.01,ece,3,1234;1337;2027,-0.09722702278701051,-0.005404729372891742,-0.09182229341411878,0.007889113145094755,-0.1005622437852074,-0.08522789541595818,positive_means_high_pruning_is_more_harmful
pretrained,double_original,layer_balanced,0.01,nll,3,1234;1337;2027,0.17150999218316618,-0.00439791905406058,0.17590791123722674,0.027910572318904436,0.1453121099450173,0.19997637370310795,positive_means_high_pruning_is_more_harmful
pretrained,double_original,layer_balanced,0.02,accuracy,3,1234;1337;2027,0.33562691131498473,-0.0007645259938838059,0.33639143730886856,0.007635697383577286,0.3279816513761468,0.34288990825688076,positive_means_high_pruning_is_more_harmful
pretrained,double_original,layer_balanced,0.02,ece,3,1234;1337;2027,-0.09722702278701051,-0.003376015218033823,-0.09385100756897669,0.006629328830845685,-0.10150236467147333,-0.08982395470199422,positive_means_high_pruning_is_more_harmful
pretrained,double_original,layer_balanced,0.02,nll,3,1234;1337;2027,0.17150999218316618,-0.008409382325429093,0.17991937450859527,0.02884134491043519,0.14839807672238137,0.2049874943604163,positive_means_high_pruning_is_more_harmful
pretrained,double_original,layer_balanced,0.05,accuracy,3,1234;1337;2027,0.33562691131498473,0.002293577981651418,0.3333333333333333,0.008683346094495862,0.323394495412844,0.3394495412844037,positive_means_high_pruning_is_more_harmful
pretrained,double_original,layer_balanced,0.05,ece,3,1234;1337;2027,-0.09722702278701051,-0.0052979235779621785,-0.09192909920904833,0.011019870736250973,-0.10442654446767075,-0.08360722739323784,positive_means_high_pruning_is_more_harmful
pretrained,double_original,layer_balanced,0.05,nll,3,1234;1337;2027,0.17150999218316618,-0.020357149365480536,0.1918671415486467,0.030339742584711126,0.15839103547804945,0.21755017763977752,positive_means_high_pruning_is_more_harmful
pretrained,double_original,layer_balanced,0.1,accuracy,3,1234;1337;2027,0.33562691131498473,0.0,0.33562691131498473,0.004027390578307611,0.3314220183486239,0.3394495412844037,positive_means_high_pruning_is_more_harmful
pretrained,double_original,layer_balanced,0.1,ece,3,1234;1337;2027,-0.09722702278701051,-0.009432125361434915,-0.0877948974255756,0.012105152483269639,-0.10177237173161813,-0.0807202786030915,positive_means_high_pruning_is_more_harmful
pretrained,double_original,layer_balanced,0.1,nll,3,1234;1337;2027,0.17150999218316618,-0.03500181327172375,0.20651180545488992,0.032398526628692394,0.1707345993693815,0.2338692083818103,positive_means_high_pruning_is_more_harmful
pretrained,double_original,layer_balanced,0.2,accuracy,3,1234;1337;2027,0.33562691131498473,0.004204892966360878,0.33142201834862384,0.006975645103553022,0.32683486238532106,0.3394495412844037,positive_means_high_pruning_is_more_harmful
pretrained,double_original,layer_balanced,0.2,ece,3,1234;1337;2027,-0.09722702278701051,-0.013969346932305948,-0.08325767585470456,0.009277621219925265,-0.09183355643025848,-0.07340961328717643,positive_means_high_pruning_is_more_harmful
pretrained,double_original,layer_balanced,0.2,nll,3,1234;1337;2027,0.17150999218316618,-0.04307511385063147,0.21458510603379763,0.0315444611811135,0.18006471045520323,0.24191057818745254,positive_means_high_pruning_is_more_harmful
pretrained,double_original,layer_balanced,0.3,accuracy,3,1234;1337;2027,0.33562691131498473,0.008409785932721755,0.32721712538226294,0.003503498237733838,0.323394495412844,0.33027522935779813,positive_means_high_pruning_is_more_harmful
pretrained,double_original,layer_balanced,0.3,ece,3,1234;1337;2027,-0.09722702278701051,-0.016439773540081182,-0.08078724924692933,0.008121579491935524,-0.09009775040562928,-0.07515938385471008,positive_means_high_pruning_is_more_harmful
pretrained,double_original,layer_balanced,0.3,nll,3,1234;1337;2027,0.17150999218316618,-0.04980790997863912,0.22131790216180527,0.024630871185626742,0.193470297876848,0.24024800204355784,positive_means_high_pruning_is_more_harmful
pretrained,u_positive,global,0.0,accuracy,3,1234;1337;2027,0.0,0.0,0.0,0.0,0.0,0.0,positive_means_high_pruning_is_more_harmful
pretrained,u_positive,global,0.0,ece,3,1234;1337;2027,0.0,0.0,0.0,0.0,0.0,0.0,positive_means_high_pruning_is_more_harmful
pretrained,u_positive,global,0.0,nll,3,1234;1337;2027,0.0,0.0,0.0,0.0,0.0,0.0,positive_means_high_pruning_is_more_harmful
pretrained,u_positive,global,0.001,accuracy,3,1234;1337;2027,0.33562691131498473,0.0,0.33562691131498473,0.0036864108413581557,0.3314220183486239,0.33830275229357804,positive_means_high_pruning_is_more_harmful
pretrained,u_positive,global,0.001,ece,3,1234;1337;2027,-0.09722702278701051,0.0,-0.09722702278701051,0.0036377750134592712,-0.1012649903211495,-0.09420578122202761,positive_means_high_pruning_is_more_harmful
pretrained,u_positive,global,0.001,nll,3,1234;1337;2027,0.17150999218316618,0.0,0.17150999218316618,0.023988743483978836,0.14423169920203882,0.18931817488932823,positive_means_high_pruning_is_more_harmful
pretrained,u_positive,global,0.005,accuracy,3,1234;1337;2027,0.33562691131498473,0.0,0.33562691131498473,0.0036864108413581557,0.3314220183486239,0.33830275229357804,positive_means_high_pruning_is_more_harmful
pretrained,u_positive,global,0.005,ece,3,1234;1337;2027,-0.09722702278701051,0.0,-0.09722702278701051,0.0036377750134592712,-0.1012649903211495,-0.09420578122202761,positive_means_high_pruning_is_more_harmful
pretrained,u_positive,global,0.005,nll,3,1234;1337;2027,0.17150999218316618,0.0,0.17150999218316618,0.023988743483978836,0.14423169920203882,0.18931817488932823,positive_means_high_pruning_is_more_harmful
pretrained,u_positive,global,0.01,accuracy,3,1234;1337;2027,0.33562691131498473,0.0,0.33562691131498473,0.0036864108413581557,0.3314220183486239,0.33830275229357804,positive_means_high_pruning_is_more_harmful
pretrained,u_positive,global,0.01,ece,3,1234;1337;2027,-0.09722702278701051,0.0,-0.09722702278701051,0.0036377750134592712,-0.1012649903211495,-0.09420578122202761,positive_means_high_pruning_is_more_harmful
pretrained,u_positive,global,0.01,nll,3,1234;1337;2027,0.17150999218316618,0.0,0.17150999218316618,0.023988743483978836,0.14423169920203882,0.18931817488932823,positive_means_high_pruning_is_more_harmful
pretrained,u_positive,global,0.02,accuracy,3,1234;1337;2027,0.33562691131498473,0.0,0.33562691131498473,0.0036864108413581557,0.3314220183486239,0.33830275229357804,positive_means_high_pruning_is_more_harmful
pretrained,u_positive,global,0.02,ece,3,1234;1337;2027,-0.09722702278701051,0.0,-0.09722702278701051,0.0036377750134592712,-0.1012649903211495,-0.09420578122202761,positive_means_high_pruning_is_more_harmful
pretrained,u_positive,global,0.02,nll,3,1234;1337;2027,0.17150999218316618,0.0,0.17150999218316618,0.023988743483978836,0.14423169920203882,0.18931817488932823,positive_means_high_pruning_is_more_harmful
pretrained,u_positive,global,0.05,accuracy,3,1234;1337;2027,0.33562691131498473,0.0,0.33562691131498473,0.0036864108413581557,0.3314220183486239,0.33830275229357804,positive_means_high_pruning_is_more_harmful
pretrained,u_positive,global,0.05,ece,3,1234;1337;2027,-0.09722702278701051,0.0,-0.09722702278701051,0.0036377750134592712,-0.1012649903211495,-0.09420578122202761,positive_means_high_pruning_is_more_harmful
pretrained,u_positive,global,0.05,nll,3,1234;1337;2027,0.17150999218316618,0.0,0.17150999218316618,0.023988743483978836,0.14423169920203882,0.18931817488932823,positive_means_high_pruning_is_more_harmful
pretrained,u_positive,global,0.1,accuracy,3,1234;1337;2027,0.33562691131498473,0.0,0.33562691131498473,0.0036864108413581557,0.3314220183486239,0.33830275229357804,positive_means_high_pruning_is_more_harmful
pretrained,u_positive,global,0.1,ece,3,1234;1337;2027,-0.09722702278701051,0.0,-0.09722702278701051,0.0036377750134592712,-0.1012649903211495,-0.09420578122202761,positive_means_high_pruning_is_more_harmful
pretrained,u_positive,global,0.1,nll,3,1234;1337;2027,0.17150999218316618,0.0,0.17150999218316618,0.023988743483978836,0.14423169920203882,0.18931817488932823,positive_means_high_pruning_is_more_harmful
pretrained,u_positive,global,0.2,accuracy,3,1234;1337;2027,0.33562691131498473,0.0,0.33562691131498473,0.0036864108413581557,0.3314220183486239,0.33830275229357804,positive_means_high_pruning_is_more_harmful
pretrained,u_positive,global,0.2,ece,3,1234;1337;2027,-0.09722702278701051,0.0,-0.09722702278701051,0.0036377750134592712,-0.1012649903211495,-0.09420578122202761,positive_means_high_pruning_is_more_harmful
pretrained,u_positive,global,0.2,nll,3,1234;1337;2027,0.17150999218316618,0.0,0.17150999218316618,0.023988743483978836,0.14423169920203882,0.18931817488932823,positive_means_high_pruning_is_more_harmful
pretrained,u_positive,global,0.3,accuracy,3,1234;1337;2027,0.33562691131498473,0.0,0.33562691131498473,0.0036864108413581557,0.3314220183486239,0.33830275229357804,positive_means_high_pruning_is_more_harmful
pretrained,u_positive,global,0.3,ece,3,1234;1337;2027,-0.09722702278701051,0.0,-0.09722702278701051,0.0036377750134592712,-0.1012649903211495,-0.09420578122202761,positive_means_high_pruning_is_more_harmful
pretrained,u_positive,global,0.3,nll,3,1234;1337;2027,0.17150999218316618,0.0,0.17150999218316618,0.023988743483978836,0.14423169920203882,0.18931817488932823,positive_means_high_pruning_is_more_harmful
pretrained,u_positive,layer_balanced,0.0,accuracy,3,1234;1337;2027,0.0,0.0,0.0,0.0,0.0,0.0,positive_means_high_pruning_is_more_harmful
pretrained,u_positive,layer_balanced,0.0,ece,3,1234;1337;2027,0.0,0.0,0.0,0.0,0.0,0.0,positive_means_high_pruning_is_more_harmful
pretrained,u_positive,layer_balanced,0.0,nll,3,1234;1337;2027,0.0,0.0,0.0,0.0,0.0,0.0,positive_means_high_pruning_is_more_harmful
pretrained,u_positive,layer_balanced,0.001,accuracy,3,1234;1337;2027,0.33562691131498473,0.0,0.33562691131498473,0.004634692527898424,0.33027522935779813,0.33830275229357804,positive_means_high_pruning_is_more_harmful
pretrained,u_positive,layer_balanced,0.001,ece,3,1234;1337;2027,-0.09722702278701051,-0.0007620180389129039,-0.0964650047480976,0.004153933937203564,-0.10110664494407351,-0.09309702211593596,positive_means_high_pruning_is_more_harmful
pretrained,u_positive,layer_balanced,0.001,nll,3,1234;1337;2027,0.17150999218316618,0.00011053754284477228,0.17139945464032139,0.02420992160538292,0.14391012913590173,0.18954559914562685,positive_means_high_pruning_is_more_harmful
pretrained,u_positive,layer_balanced,0.005,accuracy,3,1234;1337;2027,0.33562691131498473,-0.000764525993883769,0.3363914373088685,0.006316021269823512,0.3291284403669725,0.34059633027522934,positive_means_high_pruning_is_more_harmful
pretrained,u_positive,layer_balanced,0.005,ece,3,1234;1337;2027,-0.09722702278701051,-0.001260661025339449,-0.09596636176167106,0.0054112580177746224,-0.10197324719748369,-0.09147305030602415,positive_means_high_pruning_is_more_harmful
pretrained,u_positive,layer_balanced,0.005,nll,3,1234;1337;2027,0.17150999218316618,-0.001177030145575168,0.17268702232874134,0.024995797334235615,0.1444315043611264,0.19191469921978244,positive_means_high_pruning_is_more_harmful
pretrained,u_positive,layer_balanced,0.01,accuracy,3,1234;1337;2027,0.33562691131498473,-0.0003822629969418845,0.3360091743119266,0.0049987373205742066,0.33027522935779813,0.3394495412844037,positive_means_high_pruning_is_more_harmful
pretrained,u_positive,layer_balanced,0.01,ece,3,1234;1337;2027,-0.09722702278701051,-0.0033040387936502102,-0.0939229839933603,0.005919694835813719,-0.10056668827699522,-0.08920876624119911,positive_means_high_pruning_is_more_harmful
pretrained,u_positive,layer_balanced,0.01,nll,3,1234;1337;2027,0.17150999218316618,-0.0018453178784898865,0.17335531006165605,0.02442003961974423,0.14574942785665534,0.1921356787922186,positive_means_high_pruning_is_more_harmful
pretrained,u_positive,layer_balanced,0.02,accuracy,3,1234;1337;2027,0.33562691131498473,-0.001529051987767575,0.3371559633027523,0.004998737320574143,0.3314220183486239,0.34059633027522934,positive_means_high_pruning_is_more_harmful
pretrained,u_positive,layer_balanced,0.02,ece,3,1234;1337;2027,-0.09722702278701051,-0.0038342250777108253,-0.09339279770929969,0.00495347985778902,-0.09911039694518298,-0.09039704213167898,positive_means_high_pruning_is_more_harmful
pretrained,u_positive,layer_balanced,0.02,nll,3,1234;1337;2027,0.17150999218316618,-0.0033135877107626035,0.17482357989392874,0.024225501408873404,0.14785106794549785,0.19473148814035118,positive_means_high_pruning_is_more_harmful
pretrained,u_positive,layer_balanced,0.05,accuracy,3,1234;1337;2027,0.33562691131498473,0.0,0.33562691131498473,0.004027390578307611,0.3314220183486239,0.3394495412844037,positive_means_high_pruning_is_more_harmful
pretrained,u_positive,layer_balanced,0.05,ece,3,1234;1337;2027,-0.09722702278701051,-0.004103567669237011,-0.0931234551177735,0.007929640102015058,-0.10048873769523636,-0.0847297999718053,positive_means_high_pruning_is_more_harmful
pretrained,u_positive,layer_balanced,0.05,nll,3,1234;1337;2027,0.17150999218316618,-0.0040251513322194414,0.1755351435153856,0.023636181081741505,0.14955932175347564,0.1957764376740937,positive_means_high_pruning_is_more_harmful
pretrained,u_positive,layer_balanced,0.1,accuracy,3,1234;1337;2027,0.33562691131498473,0.0007645259938838059,0.33486238532110096,0.008027522935779852,0.32683486238532106,0.34288990825688076,positive_means_high_pruning_is_more_harmful
pretrained,u_positive,layer_balanced,0.1,ece,3,1234;1337;2027,-0.09722702278701051,-0.0036181002201538157,-0.0936089225668567,0.009004668849560209,-0.10373770925248121,-0.08650987414318267,positive_means_high_pruning_is_more_harmful
pretrained,u_positive,layer_balanced,0.1,nll,3,1234;1337;2027,0.17150999218316618,0.006310866194398394,0.16519912598876776,0.023693700552098268,0.13937207673667773,0.18593020080973244,positive_means_high_pruning_is_more_harmful
pretrained,u_positive,layer_balanced,0.2,accuracy,3,1234;1337;2027,0.33562691131498473,0.003822629969418956,0.3318042813455658,0.006316021269823512,0.32454128440366975,0.3360091743119266,positive_means_high_pruning_is_more_harmful
pretrained,u_positive,layer_balanced,0.2,ece,3,1234;1337;2027,-0.09722702278701051,0.0038632442364375332,-0.10109026702344803,0.009493431080243317,-0.11139653600723001,-0.09270280904730566,positive_means_high_pruning_is_more_harmful
pretrained,u_positive,layer_balanced,0.2,nll,3,1234;1337;2027,0.17150999218316618,0.04387387150289087,0.1276361206802753,0.027335525730481994,0.09744431474886905,0.15070523554032,positive_means_high_pruning_is_more_harmful
pretrained,u_positive,layer_balanced,0.3,accuracy,3,1234;1337;2027,0.33562691131498473,0.00993883792048933,0.3256880733944954,0.0030341184759915163,0.32224770642201833,0.3279816513761468,positive_means_high_pruning_is_more_harmful
pretrained,u_positive,layer_balanced,0.3,ece,3,1234;1337;2027,-0.09722702278701051,0.01120768139636861,-0.10843470418337912,0.0039891306283629975,-0.11296692599278257,-0.10545628205953261,positive_means_high_pruning_is_more_harmful
pretrained,u_positive,layer_balanced,0.3,nll,3,1234;1337;2027,0.17150999218316618,0.09447562858599041,0.07703436359717575,0.04458279033550272,0.027491046201198466,0.11391882420679844,positive_means_high_pruning_is_more_harmful
pretrained,u_signed,global,0.0,accuracy,3,1234;1337;2027,0.0,0.0,0.0,0.0,0.0,0.0,positive_means_high_pruning_is_more_harmful
pretrained,u_signed,global,0.0,ece,3,1234;1337;2027,0.0,0.0,0.0,0.0,0.0,0.0,positive_means_high_pruning_is_more_harmful
pretrained,u_signed,global,0.0,nll,3,1234;1337;2027,0.0,0.0,0.0,0.0,0.0,0.0,positive_means_high_pruning_is_more_harmful
pretrained,u_signed,global,0.001,accuracy,3,1234;1337;2027,0.33562691131498473,0.0,0.33562691131498473,0.0036864108413581557,0.3314220183486239,0.33830275229357804,positive_means_high_pruning_is_more_harmful
pretrained,u_signed,global,0.001,ece,3,1234;1337;2027,-0.09722702278701051,0.0,-0.09722702278701051,0.0036377750134592712,-0.1012649903211495,-0.09420578122202761,positive_means_high_pruning_is_more_harmful
pretrained,u_signed,global,0.001,nll,3,1234;1337;2027,0.17150999218316618,0.0,0.17150999218316618,0.023988743483978836,0.14423169920203882,0.18931817488932823,positive_means_high_pruning_is_more_harmful
pretrained,u_signed,global,0.005,accuracy,3,1234;1337;2027,0.33562691131498473,0.0,0.33562691131498473,0.0036864108413581557,0.3314220183486239,0.33830275229357804,positive_means_high_pruning_is_more_harmful
pretrained,u_signed,global,0.005,ece,3,1234;1337;2027,-0.09722702278701051,0.0,-0.09722702278701051,0.0036377750134592712,-0.1012649903211495,-0.09420578122202761,positive_means_high_pruning_is_more_harmful
pretrained,u_signed,global,0.005,nll,3,1234;1337;2027,0.17150999218316618,0.0,0.17150999218316618,0.023988743483978836,0.14423169920203882,0.18931817488932823,positive_means_high_pruning_is_more_harmful
pretrained,u_signed,global,0.01,accuracy,3,1234;1337;2027,0.33562691131498473,0.0,0.33562691131498473,0.0036864108413581557,0.3314220183486239,0.33830275229357804,positive_means_high_pruning_is_more_harmful
pretrained,u_signed,global,0.01,ece,3,1234;1337;2027,-0.09722702278701051,0.0,-0.09722702278701051,0.0036377750134592712,-0.1012649903211495,-0.09420578122202761,positive_means_high_pruning_is_more_harmful
pretrained,u_signed,global,0.01,nll,3,1234;1337;2027,0.17150999218316618,0.0,0.17150999218316618,0.023988743483978836,0.14423169920203882,0.18931817488932823,positive_means_high_pruning_is_more_harmful
pretrained,u_signed,global,0.02,accuracy,3,1234;1337;2027,0.33562691131498473,0.0,0.33562691131498473,0.0036864108413581557,0.3314220183486239,0.33830275229357804,positive_means_high_pruning_is_more_harmful
pretrained,u_signed,global,0.02,ece,3,1234;1337;2027,-0.09722702278701051,0.0,-0.09722702278701051,0.0036377750134592712,-0.1012649903211495,-0.09420578122202761,positive_means_high_pruning_is_more_harmful
pretrained,u_signed,global,0.02,nll,3,1234;1337;2027,0.17150999218316618,0.0,0.17150999218316618,0.023988743483978836,0.14423169920203882,0.18931817488932823,positive_means_high_pruning_is_more_harmful
pretrained,u_signed,global,0.05,accuracy,3,1234;1337;2027,0.33562691131498473,0.0,0.33562691131498473,0.0036864108413581557,0.3314220183486239,0.33830275229357804,positive_means_high_pruning_is_more_harmful
pretrained,u_signed,global,0.05,ece,3,1234;1337;2027,-0.09722702278701051,2.2212299199964036e-06,-0.0972292440169305,0.003641473549683436,-0.10127165401090948,-0.09420578122202761,positive_means_high_pruning_is_more_harmful
pretrained,u_signed,global,0.05,nll,3,1234;1337;2027,0.17150999218316618,2.160941788909021e-05,0.1714883827652771,0.02402560340424257,0.14416687094837155,0.18931817488932823,positive_means_high_pruning_is_more_harmful
pretrained,u_signed,global,0.1,accuracy,3,1234;1337;2027,0.33562691131498473,0.0,0.33562691131498473,0.0036864108413581557,0.3314220183486239,0.33830275229357804,positive_means_high_pruning_is_more_harmful
pretrained,u_signed,global,0.1,ece,3,1234;1337;2027,-0.09722702278701051,-1.0047809899660365e-06,-0.09722601800602054,0.003645493383119756,-0.10127165401090948,-0.09419610318929772,positive_means_high_pruning_is_more_harmful
pretrained,u_signed,global,0.1,nll,3,1234;1337;2027,0.17150999218316618,5.340694652052521e-05,0.17145658523664564,0.02399024431325705,0.14416687094837155,0.18922278230343392,positive_means_high_pruning_is_more_harmful
pretrained,u_signed,global,0.2,accuracy,3,1234;1337;2027,0.33562691131498473,0.0,0.33562691131498473,0.0036864108413581557,0.3314220183486239,0.33830275229357804,positive_means_high_pruning_is_more_harmful
pretrained,u_signed,global,0.2,ece,3,1234;1337;2027,-0.09722702278701051,-0.00042673268391997993,-0.09680029010309053,0.0029438638472644926,-0.09999447030211944,-0.09419610318929772,positive_means_high_pruning_is_more_harmful
pretrained,u_signed,global,0.2,nll,3,1234;1337;2027,0.17150999218316618,0.00027767151867574835,0.17123232066449043,0.024372998467608133,0.14349407723190588,0.18922278230343392,positive_means_high_pruning_is_more_harmful
pretrained,u_signed,global,0.3,accuracy,3,1234;1337;2027,0.33562691131498473,0.0,0.33562691131498473,0.0036864108413581557,0.3314220183486239,0.33830275229357804,positive_means_high_pruning_is_more_harmful
pretrained,u_signed,global,0.3,ece,3,1234;1337;2027,-0.09722702278701051,-0.0007066801813253217,-0.09652034260568519,0.003025918592007637,-0.0999409227144541,-0.09419287582209074,positive_means_high_pruning_is_more_harmful
pretrained,u_signed,global,0.3,nll,3,1234;1337;2027,0.17150999218316618,-1.3825543429879517e-05,0.17152381772659606,0.0241562342633285,0.1440758970352488,0.1895468932226163,positive_means_high_pruning_is_more_harmful
pretrained,u_signed,layer_balanced,0.0,accuracy,3,1234;1337;2027,0.0,0.0,0.0,0.0,0.0,0.0,positive_means_high_pruning_is_more_harmful
pretrained,u_signed,layer_balanced,0.0,ece,3,1234;1337;2027,0.0,0.0,0.0,0.0,0.0,0.0,positive_means_high_pruning_is_more_harmful
pretrained,u_signed,layer_balanced,0.0,nll,3,1234;1337;2027,0.0,0.0,0.0,0.0,0.0,0.0,positive_means_high_pruning_is_more_harmful
pretrained,u_signed,layer_balanced,0.001,accuracy,3,1234;1337;2027,0.33562691131498473,0.0,0.33562691131498473,0.004634692527898424,0.33027522935779813,0.33830275229357804,positive_means_high_pruning_is_more_harmful
pretrained,u_signed,layer_balanced,0.001,ece,3,1234;1337;2027,-0.09722702278701051,-0.0014461416759617614,-0.09578088111104875,0.005065567948738341,-0.10088994120221767,-0.09075995543987947,positive_means_high_pruning_is_more_harmful
pretrained,u_signed,layer_balanced,0.001,nll,3,1234;1337;2027,0.17150999218316618,0.0003402539349477059,0.17116973824821846,0.024136271653491716,0.1436278762620523,0.18863444618128855,positive_means_high_pruning_is_more_harmful
pretrained,u_signed,layer_balanced,0.005,accuracy,3,1234;1337;2027,0.33562691131498473,-0.0030581039755351127,0.33868501529051986,0.004341673047247911,0.3337155963302752,0.341743119266055,positive_means_high_pruning_is_more_harmful
pretrained,u_signed,layer_balanced,0.005,ece,3,1234;1337;2027,-0.09722702278701051,-0.0015475468068339253,-0.09567947598017658,0.006467693116947411,-0.10291009697353781,-0.09044563395992844,positive_means_high_pruning_is_more_harmful
pretrained,u_signed,layer_balanced,0.005,nll,3,1234;1337;2027,0.17150999218316618,-0.0025086067047323337,0.1740185988878985,0.02385161629531475,0.14719987243687338,0.19285627064901756,positive_means_high_pruning_is_more_harmful
pretrained,u_signed,layer_balanced,0.01,accuracy,3,1234;1337;2027,0.33562691131498473,-0.000764525993883769,0.3363914373088685,0.006316021269823512,0.3291284403669725,0.34059633027522934,positive_means_high_pruning_is_more_harmful
pretrained,u_signed,layer_balanced,0.01,ece,3,1234;1337;2027,-0.09722702278701051,-0.003791608291988139,-0.09343541449502236,0.007255267175291157,-0.10176177490996502,-0.08847055263925518,positive_means_high_pruning_is_more_harmful
pretrained,u_signed,layer_balanced,0.01,nll,3,1234;1337;2027,0.17150999218316618,-0.004495881110520905,0.17600587329368708,0.02397486154650145,0.14909978033205784,0.19510166798162898,positive_means_high_pruning_is_more_harmful
pretrained,u_signed,layer_balanced,0.02,accuracy,3,1234;1337;2027,0.33562691131498473,-0.0007645259938838059,0.33639143730886856,0.007635697383577286,0.3279816513761468,0.34288990825688076,positive_means_high_pruning_is_more_harmful
pretrained,u_signed,layer_balanced,0.02,ece,3,1234;1337;2027,-0.09722702278701051,-0.006350222346009034,-0.09087680044100148,0.00980696394073703,-0.10213068500416145,-0.08415939797481198,positive_means_high_pruning_is_more_harmful
pretrained,u_signed,layer_balanced,0.02,nll,3,1234;1337;2027,0.17150999218316618,-0.009936477977566046,0.1814464701607322,0.025911463370541992,0.15220674790373634,0.20156022933644985,positive_means_high_pruning_is_more_harmful
pretrained,u_signed,layer_balanced,0.05,accuracy,3,1234;1337;2027,0.33562691131498473,-0.00420489296636084,0.3398318042813456,0.003503498237733826,0.3360091743119266,0.34288990825688076,positive_means_high_pruning_is_more_harmful
pretrained,u_signed,layer_balanced,0.05,ece,3,1234;1337;2027,-0.09722702278701051,-0.011994949471858826,-0.08523207331515169,0.006408521406094316,-0.09231413979570569,-0.07983297727019634,positive_means_high_pruning_is_more_harmful
pretrained,u_signed,layer_balanced,0.05,nll,3,1234;1337;2027,0.17150999218316618,-0.017705125500667367,0.18921511768383356,0.024688699758281005,0.1617091021953373,0.2094562861624114,positive_means_high_pruning_is_more_harmful
pretrained,u_signed,layer_balanced,0.1,accuracy,3,1234;1337;2027,0.33562691131498473,-0.0057339449541284155,0.3413608562691131,0.0013241978651138448,0.34059633027522934,0.34288990825688076,positive_means_high_pruning_is_more_harmful
pretrained,u_signed,layer_balanced,0.1,ece,3,1234;1337;2027,-0.09722702278701051,-0.014209449163281124,-0.08301757362372938,0.009035100222088251,-0.0931999047620419,-0.07595837973529196,positive_means_high_pruning_is_more_harmful
pretrained,u_signed,layer_balanced,0.1,nll,3,1234;1337;2027,0.17150999218316618,-0.024707495938382767,0.19621748812154893,0.028126476813775985,0.165188772552604,0.22003924053743346,positive_means_high_pruning_is_more_harmful
pretrained,u_signed,layer_balanced,0.2,accuracy,3,1234;1337;2027,0.33562691131498473,0.0011467889908256905,0.3344801223241591,0.007635697383577286,0.3279816513761468,0.34288990825688076,positive_means_high_pruning_is_more_harmful
pretrained,u_signed,layer_balanced,0.2,ece,3,1234;1337;2027,-0.09722702278701051,-0.01409843461328203,-0.08312858817372848,0.008894476159297317,-0.09024971691493966,-0.07315874535413736,positive_means_high_pruning_is_more_harmful
pretrained,u_signed,layer_balanced,0.2,nll,3,1234;1337;2027,0.17150999218316618,-0.036062121026742,0.20757211320990818,0.025199234229575797,0.17893729926249302,0.22636578854070893,positive_means_high_pruning_is_more_harmful
pretrained,u_signed,layer_balanced,0.3,accuracy,3,1234;1337;2027,0.33562691131498473,0.005733944954128452,0.3298929663608563,0.004341673047247951,0.32683486238532106,0.33486238532110096,positive_means_high_pruning_is_more_harmful
pretrained,u_signed,layer_balanced,0.3,ece,3,1234;1337;2027,-0.09722702278701051,-0.01650218954099772,-0.08072483324601279,0.006830355759576566,-0.08819264550182093,-0.07479374827095447,positive_means_high_pruning_is_more_harmful
pretrained,u_signed,layer_balanced,0.3,nll,3,1234;1337;2027,0.17150999218316618,-0.043265989978743646,0.21477598216190982,0.021894352598270495,0.19012316323201595,0.23195435667256697,positive_means_high_pruning_is_more_harmful
