absolute_bias,checkpoint,dominance_fraction,estimator,formula_seconds,group_count,mean_estimate_mse,microbatch_count,microbatch_size,reference_sample_count,relative_l1_bias,repetition_mse,repetition_variance,repetitions,scope,spearman,topk_overlap
2.801314372323736e-10,step-000000,0.0007125702787203043,raw,0.034024390392005444,14067712,4.806041411695491e-18,4,1,4096,2.165531320762034,8.831679105815465e-17,8.393040165473277e-17,200,parameter,0.6084637638278542,0.7961688176904289
0.00043785667954720456,step-000000,0.29859136046801144,raw,0.034024390392005444,9,3.0750899556334545e-07,4,1,4096,2.165477322606978,,,200,layer,1.0,1.0
0.0004378566795472186,step-000000,0.557787082679277,raw,0.034024390392005444,9,5.962536829461142e-07,4,1,4096,2.1654773226070616,,,200,module,0.9666666666666667,1.0
3.209192739766918e-11,step-000000,0.0017268416355397602,u_statistic,0.051904141902923584,14067712,2.2665652247419057e-19,4,1,4096,0.24808380883587058,3.0068218498359375e-17,2.999151957375397e-17,200,parameter,0.4008224385389759,0.8170478229592286
4.843709766144799e-06,step-000000,0.26329371619548064,u_statistic,0.051904141902923584,9,4.1274829127466625e-11,4,1,4096,0.02395519846065456,,,200,layer,1.0,1.0
4.843709766142584e-06,step-000000,0.5908078354694171,u_statistic,0.051904141902923584,9,1.0322763774929485e-10,4,1,4096,0.02395519846064376,,,200,module,1.0,1.0
3.645570516064012e-11,step-000000,0.0017250299106214395,double,0.06782982312142849,14067712,2.4781685234253433e-19,4,1,4096,0.2818176072125219,3.579232108910706e-17,3.572311983594425e-17,200,parameter,0.3909738964540639,0.7992538947320532
1.6393780779938033e-06,step-000000,0.26262705396536995,double,0.06782982312142849,9,4.619697574583817e-12,4,1,4096,0.00810775812474929,,,200,layer,1.0,1.0
1.5343552722298458e-06,step-000000,0.5903008239892827,double,0.06782982312142849,9,7.169463675232561e-12,4,1,4096,0.007588354139697449,,,200,module,1.0,1.0
1.3353200784387545e-10,step-000000,0.000861387813191373,raw,0.03424798417836428,14067712,8.662850921494986e-19,8,1,4096,1.0322573866291362,1.531178042355071e-17,1.4518085760202223e-17,200,parameter,0.5563964437047151,0.813212091227292
0.00020864417176308652,step-000000,0.288715390375267,raw,0.03424798417836428,9,6.971196513851026e-08,8,1,4096,1.0318769669434031,,,200,layer,1.0,1.0
0.00020864417176309443,step-000000,0.5655685308707429,raw,0.03424798417836428,9,1.3548818709425885e-07,8,1,4096,1.0318769669434489,,,200,module,0.9833333333333333,1.0
1.812423319064075e-11,step-000000,0.0016004975547308162,u_statistic,0.0517857950180769,14067712,5.93552857866331e-20,8,1,4096,0.1401077830710232,1.0946559919691063e-17,1.094191420492908e-17,200,parameter,0.42101267318963875,0.8693917706636185
7.528617222983481e-06,step-000000,0.2598981867722419,u_statistic,0.0517857950180769,9,9.489025882613397e-11,8,1,4096,0.037233758507049214,,,200,layer,1.0,1.0
7.528617222982139e-06,step-000000,0.5877786978224748,u_statistic,0.0517857950180769,9,1.987390500296736e-10,8,1,4096,0.03723375850704282,,,200,module,1.0,1.0
2.051642473477011e-11,step-000000,0.0015733849987904628,double,0.06771729234606028,14067712,6.394325645252028e-20,8,1,4096,0.1586004084088107,1.2783814909157998e-17,1.2783790605734125e-17,200,parameter,0.41169722988820584,0.854168266072967
5.419386207360408e-06,step-000000,0.25948803633646383,double,0.06771729234606028,9,5.132956593717868e-11,8,1,4096,0.026802281391764885,,,200,layer,1.0,1.0
5.41938620736287e-06,step-000000,0.5874916671147887,double,0.06771729234606028,9,1.0396485070978162e-10,8,1,4096,0.026802281391777236,,,200,module,1.0,1.0
6.54101633377518e-11,step-000000,0.00108769264365916,raw,0.034312126226723194,14067712,2.3656019851142486e-19,16,1,4096,0.5056474874919621,5.7707331763012215e-18,5.561982892251057e-18,200,parameter,0.5237688278393743,0.8370610162840887
0.00010191719119544216,step-000000,0.27996635589647917,raw,0.034312126226723194,9,1.6714006347143756e-08,16,1,4096,0.5040447631077793,,,200,layer,1.0,1.0
0.00010191719119544373,step-000000,0.5730752339248574,raw,0.034312126226723194,9,3.2326421730839005e-08,16,1,4096,0.5040447631077903,,,200,module,0.9833333333333333,1.0
1.274088271105435e-11,step-000000,0.0015766762132976469,u_statistic,0.05173266679048538,14067712,5.023434837265371e-20,16,1,4096,0.0984922679065709,4.904403398867948e-18,4.878561859794254e-18,200,parameter,0.4636296917593903,0.9129823453978327
4.34106729037986e-06,step-000000,0.26069060256337717,u_statistic,0.05173266679048538,9,2.9776267143285534e-11,16,1,4096,0.021469314532211126,,,200,layer,1.0,1.0
4.341067290384178e-06,step-000000,0.5886095253647237,u_statistic,0.05173266679048538,9,5.931007729052161e-11,16,1,4096,0.021469314532232622,,,200,module,1.0,1.0
1.3770051255059954e-11,step-000000,0.0015759005547213477,double,0.06773460935801268,14067712,4.897192070246468e-20,16,1,4096,0.10644816439004359,5.372185629843272e-18,5.349963526774668e-18,200,parameter,0.44843148571049796,0.8979450827852701
4.441786120836047e-06,step-000000,0.26058224785165185,double,0.06773460935801268,9,3.1712889449572275e-11,16,1,4096,0.02196743264596907,,,200,layer,1.0,1.0
4.441786120837797e-06,step-000000,0.5887031421450957,double,0.06773460935801268,9,6.186709168666628e-11,16,1,4096,0.021967432645977867,,,200,module,1.0,1.0
3.721573994210846e-11,step-000000,0.0013126809923269711,raw,0.034318024292588234,14067712,1.0768980195362734e-19,32,1,4096,0.2876929889276163,2.9602487769733464e-18,2.8668934422308668e-18,200,parameter,0.5240883143348332,0.8637248964295564
5.788982362997465e-05,step-000000,0.2728067196866673,raw,0.034318024292588234,9,5.3834942560793884e-09,32,1,4096,0.2863016738949004,,,200,layer,1.0,1.0
5.788982362998355e-05,step-000000,0.579000818006397,raw,0.034318024292588234,9,1.0560860924173559e-08,32,1,4096,0.2863016738949463,,,200,module,0.9833333333333333,1.0
9.294488810440162e-12,step-000000,0.0016070343710611387,u_statistic,0.05183575954288244,14067712,2.3160859093930457e-20,32,1,4096,0.07185022441013764,2.597121774255531e-18,2.5868953921222073e-18,200,parameter,0.5172489357546672,0.9430085330103244
4.246633551085055e-06,step-000000,0.2616965386168354,u_statistic,0.05183575954288244,9,3.050089532511194e-11,32,1,4096,0.021002280156617377,,,200,layer,1.0,1.0
4.246633551086248e-06,step-000000,0.5886439159570713,u_statistic,0.05183575954288244,9,7.257601180840166e-11,32,1,4096,0.021002280156623414,,,200,module,1.0,1.0
9.826712904830926e-12,step-000000,0.001607211161007079,double,0.06772421021014452,14067712,2.373798862894005e-20,32,1,4096,0.0759645357400415,2.6660333208957595e-18,2.6555731982581055e-18,200,parameter,0.5008713958460242,0.9329216106092529
4.216001102802452e-06,step-000000,0.26155186014676834,double,0.06772421021014452,9,2.998750332672189e-11,32,1,4096,0.020850783387947536,,,200,layer,1.0,1.0
4.216001102801322e-06,step-000000,0.5887814469059784,double,0.06772421021014452,9,7.297606180323315e-11,32,1,4096,0.020850783387942082,,,200,module,1.0,1.0
1.2736181658377605e-10,step-000001,0.0024663576860217305,raw,0.03407279960811138,14067712,2.1672566030970345e-18,4,1,4096,2.804474659040942,6.173082270524258e-17,5.986288050466887e-17,200,parameter,0.6411563846967576,0.7506447384508648
0.00019907134112624362,step-000001,0.2698460387293196,raw,0.03407279960811138,9,5.346355190282258e-08,4,1,4096,2.804400644762216,,,200,layer,0.5499999999999999,1.0
0.0001990713411262436,step-000001,0.4145083967002033,raw,0.03407279960811138,9,1.0334288236607599e-07,4,1,4096,2.8044006447622114,,,200,module,0.9666666666666667,0.0
1.2671131805548e-11,step-000001,0.006926572055246868,u_statistic,0.051733735017478466,14067712,4.6716651020081484e-20,4,1,4096,0.2790150847656313,2.907060190190874e-17,2.916973392049105e-17,200,parameter,0.4297735060809606,0.7506163045610803
1.7560926041853726e-06,step-000001,0.539231318588976,u_statistic,0.051733735017478466,9,5.2313563547485e-12,4,1,4096,0.02473880571446244,,,200,layer,1.0,1.0
1.7560926041849942e-06,step-000001,0.5392313185889722,u_statistic,0.051733735017478466,9,1.0665842658539051e-11,4,1,4096,0.024738805714457072,,,200,module,1.0,1.0
1.4745286050541702e-11,step-000001,0.006775802398601263,double,0.06757913809269667,14067712,5.113016068646943e-20,4,1,4096,0.32468743127460864,3.4063444951360274e-17,3.4183230945400805e-17,200,parameter,0.4247402180440198,0.7398825111674102
1.4240084186622121e-06,step-000001,0.5349196310792795,double,0.06757913809269667,9,3.2437358250796893e-12,4,1,4096,0.020060597898472032,,,200,layer,1.0,1.0
1.2686217785337523e-06,step-000001,0.5349196310792784,double,0.06757913809269667,9,3.970573307821771e-12,4,1,4096,0.017871601776286137,,,200,module,1.0,1.0
6.553356755410495e-11,step-000001,0.003546161240439779,raw,0.03418269380927086,14067712,6.589313292768247e-19,8,1,4096,1.4430324131027408,2.2920684967206893e-17,2.237362174666337e-17,200,parameter,0.5974197246406777,0.7716730216410335
0.00010242112896924845,step-000001,0.31857449194026005,raw,0.03418269380927086,9,1.4183338328754266e-08,8,1,4096,1.4428489731049934,,,200,layer,0.7333333333333334,1.0
0.00010242112896924899,step-000001,0.38615832106349807,raw,0.03418269380927086,9,2.7457255345674504e-08,8,1,4096,1.4428489731049987,,,200,module,0.9833333333333333,0.0
7.350114557588111e-12,step-000001,0.007497907470606827,u_statistic,0.05174125079065561,14067712,5.3274420057213007e-20,8,1,4096,0.16184764453516437,1.498394988104596e-17,1.5005703980893226e-17,200,parameter,0.4709095193122008,0.8188590617385049
8.114333211086205e-07,step-000001,0.5294169655095396,u_statistic,0.05174125079065561,9,1.0611182830821213e-12,8,1,4096,0.011430998133756837,,,200,layer,0.9833333333333333,1.0
8.114333211082838e-07,step-000001,0.5294169655095363,u_statistic,0.05174125079065561,9,1.6846019564793096e-12,8,1,4096,0.011430998133752075,,,200,module,1.0,1.0
8.686602769824126e-12,step-000001,0.007357594162832904,double,0.06766577064990997,14067712,6.824280716973379e-20,8,1,4096,0.1912767734833792,1.6444308811190637e-17,1.6458357792985828e-17,200,parameter,0.45404547457754113,0.7980099120539789
8.513234368439735e-07,step-000001,0.5282213909162194,double,0.06766577064990997,9,1.4142527715241276e-12,8,1,4096,0.011992946758079014,,,200,layer,1.0,1.0
8.51323436843859e-07,step-000001,0.5282213909162178,double,0.06766577064990997,9,1.7233189550854638e-12,8,1,4096,0.011992946758077383,,,200,module,1.0,1.0
3.178816169987152e-11,step-000001,0.004700091452994099,raw,0.034230638295412064,14067712,1.297460332769806e-19,16,1,4096,0.6999671984589276,6.9039754639493656e-18,6.80827078459538e-18,200,parameter,0.5933894613735845,0.7963095654448624
4.9503508453334e-05,step-000001,0.38103520192018386,raw,0.034230638295412064,9,3.297692383568409e-09,16,1,4096,0.6973764794023383,,,200,layer,0.7999999999999999,1.0
4.9503508453333456e-05,step-000001,0.38103520192018514,raw,0.034230638295412064,9,6.408990157092353e-09,16,1,4096,0.6973764794023295,,,200,module,1.0,1.0
4.531737436432215e-12,step-000001,0.007506371277038781,u_statistic,0.05174550320953131,14067712,3.5309283007376347e-20,16,1,4096,0.09978770044899204,5.58997168332816e-18,5.58257527670431e-18,200,parameter,0.5304405467550102,0.8737009266604681
9.526318663076708e-07,step-000001,0.5289160073377454,u_statistic,0.05174550320953131,9,1.6506486940919601e-12,16,1,4096,0.013420120671212338,,,200,layer,1.0,1.0
9.526318663078059e-07,step-000001,0.5289160073377455,u_statistic,0.05174550320953131,9,2.5493825565088787e-12,16,1,4096,0.013420120671214222,,,200,module,1.0,1.0
5.18305214157648e-12,step-000001,0.007433626367387559,double,0.0676746629178524,14067712,3.7588421354331126e-20,16,1,4096,0.11412948383927773,5.95752471430605e-18,5.949684716534364e-18,200,parameter,0.5119174099588677,0.8537730350049617
8.173491061065768e-07,step-000001,0.5284919905546992,double,0.0676746629178524,9,1.2303594876447723e-12,16,1,4096,0.011514336253491624,,,200,layer,1.0,1.0
8.012838957022831e-07,step-000001,0.5284919905546983,double,0.0676746629178524,9,1.9079491985997938e-12,16,1,4096,0.01128801896361375,,,200,module,1.0,1.0
1.7140234640546566e-11,step-000001,0.00627867259162282,raw,0.03405418433248997,14067712,2.174567696163431e-19,32,1,4096,0.37742358729478015,3.887920782794159e-18,3.688908555957598e-18,200,parameter,0.622495560289425,0.8211949057843062
2.6268154917685224e-05,step-000001,0.43474138460996353,raw,0.03405418433248997,9,9.322394240330876e-10,32,1,4096,0.3700504059052564,,,200,layer,0.9,1.0
2.6268154917686054e-05,step-000001,0.4347413846099594,raw,0.03405418433248997,9,1.7702693210847252e-09,32,1,4096,0.3700504059052675,,,200,module,1.0,1.0
4.059094884642813e-12,step-000001,0.00827993015698084,u_statistic,0.05158062372356653,14067712,1.1869697164843805e-19,32,1,4096,0.08938023222317627,3.403189522262011e-18,3.300997538305104e-18,200,parameter,0.589911987408519,0.9103991265109058
7.974816273162225e-07,step-000001,0.529941354553197,u_statistic,0.05158062372356653,9,1.4642826116529761e-12,32,1,4096,0.011234454830006683,,,200,layer,1.0,1.0
5.882137469670433e-07,step-000001,0.5299413545532009,u_statistic,0.05158062372356653,9,1.2964920816993752e-12,32,1,4096,0.008286411303203439,,,200,module,1.0,1.0
4.309050484159273e-12,step-000001,0.008241501627569288,double,0.06736246310174465,14067712,1.187122353977306e-19,32,1,4096,0.09488419065853823,3.4007624850204284e-18,3.2985429644449366e-18,200,parameter,0.5715466334258672,0.8970152945893151
7.041663004696407e-07,step-000001,0.52822132889021,double,0.06736246310174465,9,1.2593793326170786e-12,32,1,4096,0.00991988307249391,,,200,layer,1.0,1.0
3.980732951510816e-07,step-000001,0.528221328890207,double,0.06736246310174465,9,1.055916357793988e-12,32,1,4096,0.005607823804614645,,,200,module,1.0,1.0
9.02136857441236e-11,step-000002,0.004344792869559182,raw,0.034064821898937225,14067712,2.458589919632413e-18,4,1,4096,2.5273811783198963,5.664348343020589e-17,5.445717940761152e-17,200,parameter,0.6620729635425524,0.7198892215653994
0.00014100695469748326,step-000002,0.4158893323238454,raw,0.034064821898937225,9,2.8795955596378336e-08,4,1,4096,2.5273063840372845,,,200,layer,0.4666666666666666,1.0
0.00014100695469748234,step-000002,0.41588933232384734,raw,0.034064821898937225,9,4.794175239440514e-08,4,1,4096,2.5273063840372703,,,200,module,1.0,1.0
8.834440518583808e-12,step-000002,0.011253454245776342,u_statistic,0.05170605890452862,14067712,7.512026167789688e-20,4,1,4096,0.2475012355773281,3.012082485362989e-17,3.019668803211257e-17,200,parameter,0.43071981938994697,0.7155231977889808
1.3352323335554357e-06,step-000002,0.7761029748831241,u_statistic,0.05170605890452862,9,1.1613266590581086e-11,4,1,4096,0.02393173590627075,,,200,layer,1.0,1.0
1.2385169516972905e-06,step-000002,0.7761029748831216,u_statistic,0.05170605890452862,9,1.1566000758426773e-11,4,1,4096,0.02219827954924857,,,200,module,1.0,1.0
1.013302417847655e-11,step-000002,0.01085424770890544,double,0.06761105731129646,14067712,7.698863540017522e-20,4,1,4096,0.28388170128400125,3.2577126114090616e-17,3.266345475245274e-17,200,parameter,0.4231243294266167,0.6996912079569397
1.4807225040109464e-06,step-000002,0.7717691118471848,double,0.06761105731129646,9,1.0223850701275554e-11,4,1,4096,0.02653939619789073,,,200,layer,1.0,1.0
1.4216679809271792e-06,step-000002,0.7717691118471839,double,0.06761105731129646,9,1.0155987361865529e-11,4,1,4096,0.025480945758222157,,,200,module,1.0,1.0
4.3994074869898405e-11,step-000002,0.0058980528108396775,raw,0.03420879505574703,14067712,5.4849100470283355e-19,8,1,4096,1.2325158413231145,1.911151757125886e-17,1.8656308107091545e-17,200,parameter,0.6333351649444029,0.7395086055167432
6.876438901509408e-05,step-000002,0.4966153748917313,raw,0.03420879505574703,9,6.820971979209728e-09,8,1,4096,1.232483034082378,,,200,layer,0.5166666666666667,1.0
6.876438901509475e-05,step-000002,0.49661537489172886,raw,0.03420879505574703,9,1.1439145742080364e-08,8,1,4096,1.2324830340823911,,,200,module,1.0,1.0
5.1575582723392725e-12,step-000002,0.011402311452141533,u_statistic,0.051798936910927296,14067712,6.168493560826127e-20,8,1,4096,0.14449155464693392,1.4181379130754586e-17,1.4190647432307858e-17,200,parameter,0.4772666281462277,0.7912852971199313
8.839873541746543e-07,step-000002,0.7718544975210706,u_statistic,0.051798936910927296,9,2.3279937547322443e-12,8,1,4096,0.01584394818260483,,,200,layer,1.0,1.0
7.201412574004538e-07,step-000002,0.7718544975210718,u_statistic,0.051798936910927296,9,2.1956928023610335e-12,8,1,4096,0.012907289581152058,,,200,module,1.0,1.0
5.9730717948710456e-12,step-000002,0.01120633549866928,double,0.06773160304874182,14067712,5.437461600540552e-20,8,1,4096,0.16733857071230315,1.4994996166277756e-17,1.501570005052499e-17,200,parameter,0.468788706793367,0.7743131083075295
2.043024643600769e-06,step-000002,0.7614718582237485,double,0.06773160304874182,9,1.0017779867552098e-11,8,1,4096,0.03661769191168752,,,200,layer,1.0,1.0
2.0430246436007847e-06,step-000002,0.7614718582237491,double,0.06773160304874182,9,1.1622755538551838e-11,8,1,4096,0.03661769191168783,,,200,module,1.0,1.0
2.2285673661685836e-11,step-000002,0.007703811070104204,raw,0.03426427114754915,14067712,1.932448963541797e-19,16,1,4096,0.6243442078010112,8.579835779107804e-18,8.428734555531298e-18,200,parameter,0.6489809057197296,0.7644906210814546
3.480735974070184e-05,step-000002,0.5800217416487289,raw,0.03426427114754915,9,1.7424609129852706e-09,16,1,4096,0.6238618703090693,,,200,layer,0.7166666666666667,1.0
3.480735974070175e-05,step-000002,0.5800217416487299,raw,0.03426427114754915,9,2.9290809325429598e-09,16,1,4096,0.6238618703090684,,,200,module,1.0,1.0
3.596194990068357e-12,step-000002,0.01160105261337331,u_statistic,0.0518299350515008,14067712,7.8327608357014e-20,16,1,4096,0.10074918740429707,7.426200603952491e-18,7.384796980497945e-18,200,parameter,0.5399746823390205,0.8519305189469225
3.6315245572659093e-07,step-000002,0.7697839877851586,u_statistic,0.0518299350515008,9,2.1742604441715595e-13,16,1,4096,0.006508881222955818,,,200,layer,1.0,1.0
3.631524557266654e-07,step-000002,0.7697839877851582,u_statistic,0.0518299350515008,9,3.2961218682553483e-13,16,1,4096,0.00650888122295716,,,200,module,1.0,1.0
4.05558579093625e-12,step-000002,0.011546840830192527,double,0.06767078395932913,14067712,8.146609477327745e-20,16,1,4096,0.11361924868191697,7.576444318670423e-18,7.532641431052417e-18,200,parameter,0.5158114449505949,0.827902460384483
3.5686875526530446e-07,step-000002,0.7722916020510506,double,0.06767078395932913,9,4.053465268787428e-13,16,1,4096,0.0063962567334385585,,,200,layer,1.0,1.0
3.11583668719074e-07,step-000002,0.7722916020510542,double,0.06767078395932913,9,3.9761557093041244e-13,16,1,4096,0.005584599687333931,,,200,module,1.0,1.0
1.1502574982187296e-11,step-000002,0.009443543459761498,raw,0.03436141833662987,14067712,1.0361664157909576e-19,32,1,4096,0.3222503467450576,4.158795119604006e-18,4.075556259321524e-18,200,parameter,0.6913572350196302,0.7919023125282562
1.759498655891823e-05,step-000002,0.6536831437520645,raw,0.03436141833662987,9,4.499914236916279e-10,32,1,4096,0.31535977748619465,,,200,layer,0.7833333333333333,1.0
1.7594986558918368e-05,step-000002,0.6536831437520636,raw,0.03436141833662987,9,7.463855938085736e-10,32,1,4096,0.3153597774861974,,,200,module,1.0,1.0
2.7936188483798796e-12,step-000002,0.011999504764125058,u_statistic,0.05187155678868294,14067712,7.4170412524139e-20,32,1,4096,0.07826461848395243,3.768335961174894e-18,3.712729194623885e-18,200,parameter,0.6085068079471375,0.8959973613350279
3.2024287016306157e-07,step-000002,0.7746518102763198,u_statistic,0.05187155678868294,9,2.547447771685874e-13,32,1,4096,0.005739800933520722,,,200,layer,1.0,1.0
2.5499681288969373e-07,step-000002,0.7746518102763177,u_statistic,0.05187155678868294,9,2.467751926086707e-13,32,1,4096,0.004570377925740616,,,200,module,1.0,1.0
2.9900598235729056e-12,step-000002,0.011897604186198264,double,0.06778583955019712,14067712,7.503660860609999e-20,32,1,4096,0.08376800989578154,3.8197542322594765e-18,3.7635353001541564e-18,200,parameter,0.590163130410639,0.8789327623808264
4.654825421036359e-07,step-000002,0.7706340966171852,double,0.06778583955019712,9,6.210986630946684e-13,32,1,4096,0.008342971471444876,,,200,layer,1.0,1.0
4.6548254210385573e-07,step-000002,0.7706340966171827,double,0.06778583955019712,9,6.493114195845139e-13,32,1,4096,0.008342971471448826,,,200,module,1.0,1.0
5.96769540894447e-11,step-000004,0.005585137398288205,raw,0.034108612686395645,14067712,2.9639943523355278e-18,4,1,4096,1.825603592764735,7.569489284199951e-17,7.309638039162213e-17,200,parameter,0.6832353936761408,0.6781397411947352
9.327655293190493e-05,step-000004,0.5852016197037199,raw,0.034108612686395645,9,1.7832214690195393e-08,4,1,4096,1.8255400366502936,,,200,layer,0.6166666666666666,1.0
9.327655293190517e-05,step-000004,0.5852016197037189,raw,0.034108612686395645,9,2.301691360270438e-08,4,1,4096,1.8255400366502983,,,200,module,0.9833333333333333,1.0
6.081671173686414e-12,step-000004,0.011883359128646997,u_statistic,0.05177138466387987,14067712,1.5283862342588212e-19,4,1,4096,0.1860470413428728,4.003616153112695e-17,4.0083741615780005e-17,200,parameter,0.4454741116757913,0.7135811631166955
1.6509385767393656e-06,step-000004,0.8861654618332105,u_statistic,0.05177138466387987,9,1.507380049484153e-11,4,1,4096,0.03231095463067103,,,200,layer,0.9833333333333333,1.0
1.6417241650996307e-06,step-000004,0.8861654618332108,u_statistic,0.05177138466387987,9,1.519705799869046e-11,4,1,4096,0.03213061694843708,,,200,module,1.0,1.0
7.132009119370599e-12,step-000004,0.011713149855638049,double,0.06762467790395021,14067712,1.840473109791106e-19,4,1,4096,0.218178385117292,4.216891156318456e-17,4.219584346955319e-17,200,parameter,0.4175784273623502,0.6613921801116315
1.4977988048344094e-06,step-000004,0.9088442339199574,double,0.06762467790395021,9,3.5361624665629524e-12,4,1,4096,0.029313815735325256,,,200,layer,0.9500000000000001,1.0
1.4977988048344068e-06,step-000004,0.9088442339199575,double,0.06762467790395021,9,5.686088322705316e-12,4,1,4096,0.029313815735325204,,,200,module,1.0,1.0
3.028777789610293e-11,step-000004,0.007427322460316312,raw,0.0341764222830534,14067712,1.0892248454115946e-18,8,1,4096,0.926546553651367,2.7671322666753345e-17,2.6715676202353493e-17,200,parameter,0.6761043664723797,0.6966374081940784
4.729351789830281e-05,step-000004,0.6679698760420514,raw,0.0341764222830534,9,4.719150102548873e-09,8,1,4096,0.9255939213407406,,,200,layer,0.6166666666666666,1.0
4.72935178983032e-05,step-000004,0.6679698760420487,raw,0.0341764222830534,9,5.998522741565788e-09,8,1,4096,0.9255939213407481,,,200,module,0.9833333333333333,1.0
4.284343542278575e-12,step-000004,0.012451010974127421,u_statistic,0.051778644323349,14067712,1.6511517014481479e-19,8,1,4096,0.13106421201891705,1.6763577838258872e-17,1.6681872028255323e-17,200,parameter,0.473486748527231,0.7637868823092868
1.340782301137688e-06,step-000004,0.9053825900102707,u_statistic,0.051778644323349,9,3.22823867117956e-12,8,1,4096,0.026240804298866292,,,200,layer,0.9833333333333333,1.0
1.3407823011376547e-06,step-000004,0.9053825900102701,u_statistic,0.051778644323349,9,4.579669037727083e-12,8,1,4096,0.02624080429886564,,,200,module,1.0,1.0
4.612159068702411e-12,step-000004,0.012292844373479841,double,0.06764609087258577,14067712,1.3982290044275105e-19,8,1,4096,0.1410925590070431,1.7647104913437847e-17,1.759525830451765e-17,200,parameter,0.4623001709608786,0.7484610157154109
1.2523735179841445e-06,step-000004,0.9015339036910022,double,0.06764609087258577,9,4.0847129010805745e-12,8,1,4096,0.024510532669337375,,,200,layer,0.9833333333333333,1.0
1.2523735179842023e-06,step-000004,0.9015339036910032,double,0.06764609087258577,9,4.767127646986049e-12,8,1,4096,0.024510532669338506,,,200,module,1.0,1.0
1.499670615942283e-11,step-000004,0.009182335064212574,raw,0.03427645284682512,14067712,2.1403570028427647e-19,16,1,4096,0.4587707442850508,1.0046238511957488e-17,9.881610866003238e-18,200,parameter,0.7035900221879018,0.7226288268461414
2.3405791808585076e-05,step-000004,0.7408140929113496,raw,0.03427645284682512,9,1.1152433846382645e-09,16,1,4096,0.4580809291619792,,,200,layer,0.6666666666666667,1.0
2.3405791808584693e-05,step-000004,0.7408140929113534,raw,0.03427645284682512,9,1.4427839161755163e-09,16,1,4096,0.4580809291619717,,,200,module,0.9833333333333333,1.0
2.3849587459851287e-12,step-000004,0.012575642704525504,u_statistic,0.05186949670314789,14067712,4.394880003402081e-20,16,1,4096,0.0729593076875255,8.121511904595307e-18,8.118153873930954e-18,200,parameter,0.556392453838475,0.8394423545535453
1.5728794292811748e-07,step-000004,0.8904439527041778,u_statistic,0.05186949670314789,9,7.282276496442183e-14,16,1,4096,0.0030783238452997247,,,200,layer,1.0,1.0
1.3202105287598055e-07,step-000004,0.8904439527041794,u_statistic,0.05186949670314789,9,7.219084517610194e-14,16,1,4096,0.0025838188711987805,,,200,module,1.0,1.0
2.7395142667835826e-12,step-000004,0.012505511270035356,double,0.06765394005924463,14067712,4.367532813930253e-20,16,1,4096,0.08380566944442883,8.238822428664262e-18,8.236328744246159e-18,200,parameter,0.5352867544747058,0.8133969115108916
1.7148297551174294e-07,step-000004,0.8884581353917927,double,0.06765394005924463,9,4.3103657846875294e-14,16,1,4096,0.003356138574601327,,,200,layer,1.0,1.0
9.98819227703231e-08,step-000004,0.8884581353917924,double,0.06765394005924463,9,1.90850314058599e-14,16,1,4096,0.001954815473165595,,,200,module,1.0,1.0
7.245571424303866e-12,step-000004,0.010346639236702142,raw,0.03426840528845787,14067712,3.682302862160497e-20,32,1,4096,0.22165241885530892,3.885721070046622e-18,3.868239237613051e-18,200,parameter,0.7489671431655642,0.7568916640365319
1.0947598971751962e-05,step-000004,0.8018856170561508,raw,0.03426840528845787,9,2.2830643417173875e-10,32,1,4096,0.2142583489627316,,,200,layer,0.7666666666666667,1.0
1.0947598971752102e-05,step-000004,0.801885617056149,raw,0.03426840528845787,9,3.0651420129764016e-10,32,1,4096,0.21425834896273435,,,200,module,0.9833333333333333,1.0
1.657084590295568e-12,step-000004,0.012297858942081684,u_statistic,0.05185340903699398,14067712,1.527064488347194e-20,32,1,4096,0.050692593610332126,3.579276250982737e-18,3.581915182009308e-18,200,parameter,0.6186205177179105,0.8886457791312309
5.561911184672221e-07,step-000004,0.8900549596599594,u_statistic,0.05185340903699398,9,1.9812522046772915e-12,32,1,4096,0.010885363179452613,,,200,layer,1.0,1.0
5.56191118467234e-07,step-000004,0.8900549596599595,u_statistic,0.05185340903699398,9,1.9913817134294716e-12,32,1,4096,0.010885363179452845,,,200,module,1.0,1.0
1.841299079323535e-12,step-000004,0.012247759748262244,double,0.06773251667618752,14067712,1.649648798081593e-20,32,1,4096,0.056327978963691835,3.642515787236947e-18,3.644240501764978e-18,200,parameter,0.5911914631597285,0.8676885806655237
7.066078320758554e-07,step-000004,0.8913968819341254,double,0.06773251667618752,9,2.6091196497106147e-12,32,1,4096,0.013829208382162691,,,200,layer,1.0,1.0
7.066078320758881e-07,step-000004,0.891396881934126,double,0.06773251667618752,9,2.6592866588588117e-12,32,1,4096,0.013829208382163331,,,200,module,1.0,1.0
3.7940078675364517e-11,step-000008,0.005796584810703766,raw,0.034031170420348644,14067712,1.2650956752807335e-18,4,1,4096,1.3578023835090138,5.65512439907456e-17,5.556396815624608e-17,200,parameter,0.7032452303064108,0.618617658014234
5.9301079247304486e-05,step-000008,0.7238480751588289,raw,0.034031170420348644,9,1.1031849629585048e-08,4,1,4096,1.3577505196640174,,,200,layer,0.13333333333333333,1.0
5.930107924730432e-05,step-000008,0.72384807515883,raw,0.034031170420348644,9,1.2137466930441978e-08,4,1,4096,1.3577505196640138,,,200,module,0.8833333333333333,1.0
3.853723579814013e-12,step-000008,0.010810114854515778,u_statistic,0.05180362891405821,14067712,8.984395613626429e-20,4,1,4096,0.13791734874429815,1.9220809331026237e-17,1.9227100879286396e-17,200,parameter,0.44713066087069825,0.6862490865612907
1.8911094274172876e-07,step-000008,0.938595478236947,u_statistic,0.05180362891405821,9,6.64909382631795e-14,4,1,4096,0.0043298618514334315,,,200,layer,0.9833333333333333,1.0
9.22467596390694e-08,step-000008,0.9385954782369474,u_statistic,0.05180362891405821,9,2.852784819165986e-14,4,1,4096,0.0021120709340709224,,,200,module,1.0,1.0
4.025636327232243e-12,step-000008,0.010809533940033285,double,0.06757399998605251,14067712,5.58957455082087e-20,4,1,4096,0.1440697750530929,2.1091199429979455e-17,2.1141008728111803e-17,200,parameter,0.4269497960270504,0.6467629438174771
4.353536447645784e-07,step-000008,0.9476029723334389,double,0.06757399998605251,9,2.886978505778163e-13,4,1,4096,0.009967805728318152,,,200,layer,1.0,1.0
4.3535364476459703e-07,step-000008,0.9476029723334394,double,0.06757399998605251,9,5.730743616403431e-13,4,1,4096,0.009967805728318579,,,200,module,0.9833333333333333,1.0
1.9152455852423737e-11,step-000008,0.007586772221220487,raw,0.03419926296919584,14067712,4.614105924846303e-19,8,1,4096,0.6854295276767046,1.3663801214107024e-17,1.3268734293087823e-17,200,parameter,0.7032652139358907,0.6410079245250829
2.9935895917673942e-05,step-000008,0.7899955538135741,raw,0.03419926296919584,9,2.8722670473536668e-09,8,1,4096,0.6854087439003441,,,200,layer,0.25,1.0
2.9935895917673834e-05,step-000008,0.7899955538135753,raw,0.03419926296919584,9,3.1434650552917314e-09,8,1,4096,0.6854087439003417,,,200,module,0.8833333333333333,1.0
2.3978636611322097e-12,step-000008,0.011318846038928757,u_statistic,0.05180168617516756,14067712,5.609001118081533e-20,8,1,4096,0.0858149246941087,9.98125601468311e-18,9.97504120955002e-18,200,parameter,0.49252836749969553,0.763245216708891
5.295080956665621e-07,step-000008,0.9397898814492267,u_statistic,0.05180168617516756,9,1.8597608349530748e-12,8,1,4096,0.01212355493665418,,,200,layer,1.0,1.0
5.238366127974527e-07,step-000008,0.9397898814492269,u_statistic,0.05180168617516756,9,1.864261569834087e-12,8,1,4096,0.011993701333472937,,,200,module,1.0,1.0
2.7835794689061037e-12,step-000008,0.011371464577367593,double,0.06787725538015366,14067712,7.300990891419044e-20,8,1,4096,0.09961895097549242,1.0335746670479763e-17,1.031430830308096e-17,200,parameter,0.47711098051761974,0.7431893725493541
6.393516496731961e-07,step-000008,0.9392019790548302,double,0.06787725538015366,9,2.9741109142539224e-12,8,1,4096,0.014638520000144636,,,200,layer,1.0,1.0
6.132167466205012e-07,step-000008,0.9392019790548303,double,0.06787725538015366,9,2.9713230306166606e-12,8,1,4096,0.014040138340796031,,,200,module,1.0,1.0
1.0100122180376363e-11,step-000008,0.008442666329766018,raw,0.034238776192069054,14067712,1.2161015660353994e-19,16,1,4096,0.3614639307311749,6.491705822401565e-18,6.402106196781921e-18,200,parameter,0.7391176810201582,0.6679859991526701
1.578146572598482e-05,step-000008,0.8411697290751424,raw,0.034238776192069054,9,7.950712070849691e-10,16,1,4096,0.36133057884422465,,,200,layer,0.35,1.0
1.5781465725984694e-05,step-000008,0.8411697290751443,raw,0.034238776192069054,9,8.705689404545525e-10,16,1,4096,0.36133057884422176,,,200,module,0.9166666666666666,1.0
1.5632399447891306e-12,step-000008,0.010666156007999646,u_statistic,0.05184965766966343,14067712,1.3720519194005434e-20,16,1,4096,0.05594534848472577,5.493038229032902e-18,5.5068519696873224e-18,200,parameter,0.5716249357229056,0.8141319275618224
5.897835038368587e-07,step-000008,0.936410432379577,u_statistic,0.05184965766966343,9,1.9236322943090015e-12,16,1,4096,0.013503613576479034,,,200,layer,1.0,1.0
5.897835038368316e-07,step-000008,0.9364104323795776,u_statistic,0.05184965766966343,9,1.9470249352436685e-12,16,1,4096,0.013503613576478415,,,200,module,1.0,1.0
1.6981620755404271e-12,step-000008,0.010661600924114447,double,0.0677323555573821,14067712,1.3241058644505489e-20,16,1,4096,0.060773951827638194,5.7009544583251916e-18,5.716294874050942e-18,200,parameter,0.5429021721544905,0.7908886443574368
4.4255836492178467e-07,step-000008,0.9377881770050455,double,0.0677323555573821,9,1.1896734011557402e-12,16,1,4096,0.010132764151700056,,,200,layer,1.0,1.0
4.23477628337906e-07,step-000008,0.9377881770050447,double,0.0677323555573821,9,1.1899576961167192e-12,16,1,4096,0.009695893856232185,,,200,module,1.0,1.0
5.093213547964018e-12,step-000008,0.00971879143721015,raw,0.03424032125622034,14067712,4.711201230548095e-20,32,1,4096,0.18227630876359807,2.64244930008232e-18,2.6083791836952976e-18,200,parameter,0.7834561206176426,0.708504292095663
7.580285904399875e-06,step-000008,0.8846839900911365,raw,0.03424032125622034,9,1.8499787336775655e-10,32,1,4096,0.1735573324556076,,,200,layer,0.5499999999999999,1.0
7.5802859043998815e-06,step-000008,0.8846839900911364,raw,0.03424032125622034,9,2.0223231255292782e-10,32,1,4096,0.17355733245560773,,,200,module,0.9833333333333333,1.0
1.4039514494587742e-12,step-000008,0.011001439612889933,u_statistic,0.05182158201932907,14067712,1.7394920510752868e-20,32,1,4096,0.05024471985725906,2.3827854573822413e-18,2.377276921478901e-18,200,parameter,0.6335060691093432,0.8744231474609958
1.23633580034985e-07,step-000008,0.9392332984451829,u_statistic,0.05182158201932907,9,5.5731161244510775e-14,32,1,4096,0.002830699873781032,,,200,layer,1.0,1.0
1.1461649655022879e-07,step-000008,0.9392332984451827,u_statistic,0.05182158201932907,9,5.469657514448421e-14,32,1,4096,0.002624245793304274,,,200,module,1.0,1.0
1.5125198490890405e-12,step-000008,0.010990298335361125,double,0.06771702133119106,14067712,2.0032122436921194e-20,32,1,4096,0.05413017389263656,2.39232309242602e-18,2.384212030139801e-18,200,parameter,0.612371351949854,0.8524636543803829
1.677402966762712e-07,step-000008,0.9384996894788736,double,0.06771702133119106,9,1.4551347479751515e-13,32,1,4096,0.003840562058424189,,,200,layer,1.0,1.0
1.4222125852761078e-07,step-000008,0.9384996894788736,double,0.06771702133119106,9,1.429847562304182e-13,32,1,4096,0.003256281169316349,,,200,module,1.0,1.0
3.082232035439607e-11,step-000012,0.005284469113280773,raw,0.03400213085114956,14067712,1.8866282582720726e-18,4,1,4096,1.4141926313732178,2.96312841574693e-17,2.788407628060028e-17,200,parameter,0.6963667509028786,0.5843022181277421
4.817529406294874e-05,step-000012,0.7711828694431676,raw,0.03400213085114956,9,8.932050905506047e-09,4,1,4096,1.4141212714777711,,,200,layer,0.16666666666666669,1.0
4.817529406294833e-05,step-000012,0.7711828694431714,raw,0.03400213085114956,9,9.385971264618117e-09,4,1,4096,1.4141212714777596,,,200,module,0.8333333333333333,1.0
3.846549058992692e-12,step-000012,0.009088402321629115,u_statistic,0.05164146423339844,14067712,1.9748812954423058e-19,4,1,4096,0.17648772944075894,1.5363411803236002e-17,1.5242134345418875e-17,200,parameter,0.4342022729560108,0.6453895869408831
2.6924397411963963e-06,step-000012,0.9536552882523144,u_statistic,0.05164146423339844,9,5.1858065076596366e-11,4,1,4096,0.0790329645984704,,,200,layer,0.8833333333333333,1.0
2.692439741196358e-06,step-000012,0.9536552882523152,u_statistic,0.05164146423339844,9,5.200634618859225e-11,4,1,4096,0.0790329645984693,,,200,module,0.9833333333333333,1.0
4.247565592242001e-12,step-000012,0.008986043520183598,double,0.06751178484410048,14067712,2.1307907101931845e-19,4,1,4096,0.1948872081256633,1.7491448049016076e-17,1.7365194952760542e-17,200,parameter,0.42080006197266523,0.6213330944886591
2.7976820695667967e-06,step-000012,0.9534270125927984,double,0.06751178484410048,9,5.593593860381627e-11,4,1,4096,0.08212221227413519,,,200,layer,0.8833333333333333,1.0
2.7976820695667955e-06,step-000012,0.9534270125927984,double,0.06751178484410048,9,5.6094440866986884e-11,4,1,4096,0.08212221227413517,,,200,module,0.9833333333333333,1.0
1.5147900495669322e-11,step-000012,0.006105086617296427,raw,0.03420914802700281,14067712,3.253243922549979e-19,8,1,4096,0.6950174099626126,9.684359089826191e-18,9.406065022684615e-18,200,parameter,0.6999170730286799,0.60347234662049
2.3672828460188655e-05,step-000012,0.8222888036142557,raw,0.03420914802700281,9,2.0843066271762394e-09,8,1,4096,0.6948841918402213,,,200,layer,0.16666666666666669,1.0
2.367282846018886e-05,step-000012,0.8222888036142528,raw,0.03420914802700281,9,2.200555024893547e-09,8,1,4096,0.6948841918402275,,,200,module,0.8333333333333333,1.0
2.2190727268144866e-12,step-000012,0.009008937882876548,u_statistic,0.051782925613224506,14067712,4.1046700060345017e-20,8,1,4096,0.10181570571777966,5.6137976356748295e-18,5.600754709160289e-18,200,parameter,0.46687139573004566,0.7128646290941247
2.6718428619761276e-07,step-000012,0.9614462884381252,u_statistic,0.051782925613224506,9,2.109417716313924e-13,8,1,4096,0.007842837077921147,,,200,layer,1.0,1.0
2.6718428619761297e-07,step-000012,0.9614462884381254,u_statistic,0.051782925613224506,9,2.3617872170114013e-13,8,1,4096,0.007842837077921156,,,200,module,1.0,1.0
2.5276868980238626e-12,step-000012,0.009108112925513796,double,0.06779496558010578,14067712,5.1544520965120654e-20,8,1,4096,0.11597557044708791,6.213302789885379e-18,6.1927218783118184e-18,200,parameter,0.454079815239098,0.6934485474547404
2.1503143217784168e-07,step-000012,0.9593483445753577,double,0.06779496558010578,9,1.7486630102041327e-13,8,1,4096,0.006311959858131549,,,200,layer,0.9333333333333332,1.0
1.928142146283304e-07,step-000012,0.9593483445753573,double,0.06779496558010578,9,1.7322538344479354e-13,8,1,4096,0.005659803176145122,,,200,module,1.0,1.0
7.534137484839847e-12,step-000012,0.006665274221582121,raw,0.03417050279676914,14067712,5.1403243101467885e-20,16,1,4096,0.3456820120063938,2.9377890451755432e-18,2.9008902533407892e-18,200,parameter,0.7348155934033689,0.6242319295521946
1.075256590296297e-05,step-000012,0.8690095912259105,raw,0.03417050279676914,9,3.838832242425378e-10,16,1,4096,0.3156271790781015,,,200,layer,0.41666666666666663,1.0
1.0752565902963028e-05,step-000012,0.8690095912259093,raw,0.03417050279676914,9,4.1277289860549597e-10,16,1,4096,0.31562717907810334,,,200,module,0.9,1.0
1.655597997112857e-12,step-000012,0.008377913341824425,u_statistic,0.051749114878475666,14067712,5.266139022992091e-20,16,1,4096,0.07596230462575557,2.3632957017200687e-18,2.3222455391860884e-18,200,parameter,0.5385020264386711,0.7540369015021624
1.093995915259406e-06,step-000012,0.9595059375553716,u_statistic,0.051749114878475666,9,9.322983536614169e-12,16,1,4096,0.03211278570830642,,,200,layer,1.0,1.0
1.093995915259397e-06,step-000012,0.9595059375553713,u_statistic,0.051749114878475666,9,9.33008880764111e-12,16,1,4096,0.03211278570830616,,,200,module,1.0,1.0
1.8860458906923906e-12,step-000012,0.008333285049083946,double,0.06771136354655027,14067712,5.942709071137575e-20,16,1,4096,0.08653573677714692,2.468102055446586e-18,2.4207788590303626e-18,200,parameter,0.5180606885155513,0.7301424822217104
1.0463305110205724e-06,step-000012,0.9582983029525256,double,0.06771136354655027,9,9.142779607752494e-12,16,1,4096,0.030713631570095105,,,200,layer,1.0,1.0
1.042396144488123e-06,step-000012,0.9582983029525257,double,0.06771136354655027,9,9.14315174784332e-12,16,1,4096,0.030598143506938576,,,200,module,1.0,1.0
3.5554795086952744e-12,step-000012,0.007525713228388126,raw,0.03427664004266262,14067712,1.0534169562802157e-20,32,1,4096,0.16313284867530042,1.424188454165542e-18,1.4207580749776282e-18,200,parameter,0.7794744694696596,0.6599136178428345
5.457585358281783e-06,step-000012,0.9101311920613839,raw,0.03427664004266262,9,1.052668468327649e-10,32,1,4096,0.16020011286215516,,,200,layer,0.6333333333333333,1.0
5.457585358281784e-06,step-000012,0.9101311920613837,raw,0.03427664004266262,9,1.1212356946517025e-10,32,1,4096,0.16020011286215524,,,200,module,0.9833333333333333,1.0
7.754183284624767e-13,step-000012,0.008469645275084765,u_statistic,0.05179536063224077,14067712,4.321773557106424e-21,32,1,4096,0.035577817430184795,1.3215588678875785e-18,1.3238563762115252e-18,200,parameter,0.6247346811179582,0.8323125566900678
2.064920928924533e-07,step-000012,0.9576449753633106,u_statistic,0.05179536063224077,9,2.788291077792526e-13,32,1,4096,0.006061298983865692,,,200,layer,0.9833333333333333,1.0
2.0649209289246683e-07,step-000012,0.9576449753633101,u_statistic,0.05179536063224077,9,2.7991226509128944e-13,32,1,4096,0.006061298983866091,,,200,module,1.0,1.0
8.08846914518992e-13,step-000012,0.008454483865923769,double,0.0676801111549139,14067712,4.406546842418212e-21,32,1,4096,0.03711159099216151,1.3160927243287605e-18,1.3182775653128993e-18,200,parameter,0.5976469570862912,0.8031365423821344
2.2792368863443848e-07,step-000012,0.9575425165388342,double,0.0676801111549139,9,3.441280301303962e-13,32,1,4096,0.006690394789297681,,,200,layer,0.9833333333333333,1.0
2.2792368863445015e-07,step-000012,0.9575425165388338,double,0.0676801111549139,9,3.454909569192563e-13,32,1,4096,0.006690394789298025,,,200,module,1.0,1.0
2.0350619986738578e-11,step-000016,0.0036922834616326806,raw,0.03410248551517725,14067712,4.28312143759308e-19,4,1,4096,1.2925074518793902,1.1382910555430091e-17,1.1009646644895255e-17,200,parameter,0.6933958296975434,0.5643714830832572
3.180817261757184e-05,step-000016,0.7858783364073003,raw,0.03410248551517725,9,4.051077904344377e-09,4,1,4096,1.292448275320007,,,200,layer,0.03333333333333333,1.0
3.180817261757197e-05,step-000016,0.7858783364072986,raw,0.03410248551517725,9,4.2160723890190875e-09,4,1,4096,1.2924482753200122,,,200,module,0.8333333333333333,1.0
2.3358449669793485e-12,step-000016,0.006451958527605994,u_statistic,0.05166136007755995,14067712,5.2463081808849563e-20,4,1,4096,0.14835405644757566,5.502241685170015e-18,5.477164425488602e-18,200,parameter,0.41656536601786354,0.6129081329454951
3.8996696552685904e-07,step-000016,0.9597169876118579,u_statistic,0.05166136007755995,9,8.923633170773931e-13,4,1,4096,0.015845365846277302,,,200,layer,0.8833333333333333,1.0
3.736843030230311e-07,step-000016,0.959707970081789,u_statistic,0.05166136007755995,9,8.905855515131205e-13,4,1,4096,0.015183759179220149,,,200,module,1.0,1.0
2.5697122956803636e-12,step-000016,0.006310240300998156,double,0.06759700179100037,14067712,5.681043829288459e-20,4,1,4096,0.16320742530288157,5.53146073351947e-18,5.502161100730239e-18,200,parameter,0.4079855288912631,0.5923475872422823
3.34836929373237e-07,step-000016,0.9595555339001687,double,0.06759700179100037,9,6.935551789015886e-13,4,1,4096,0.013605289970126017,,,200,layer,0.9833333333333333,1.0
3.348369293732367e-07,step-000016,0.9595555339001689,double,0.06759700179100037,9,6.962499081397899e-13,4,1,4096,0.013605289970126003,,,200,module,1.0,1.0
9.94054718813212e-12,step-000016,0.005059103501042469,raw,0.034199418500065804,14067712,1.0044970154932003e-19,8,1,4096,0.6313434836281153,5.503320290606875e-18,5.430020692520144e-18,200,parameter,0.6968619159763371,0.5788372245111504
1.553704070426784e-05,step-000016,0.8414268146023591,raw,0.034199418500065804,9,9.773383692797743e-10,8,1,4096,0.631310125961604,,,200,layer,0.26666666666666666,1.0
1.5537040704267844e-05,step-000016,0.8414268146023591,raw,0.034199418500065804,9,1.0164953292600924e-09,8,1,4096,0.6313101259616041,,,200,module,0.8333333333333333,1.0
8.715385387889703e-13,step-000016,0.007108602474274353,u_statistic,0.05176017340272665,14067712,1.4339190532542707e-21,8,1,4096,0.055353107508217446,3.524206759024958e-18,3.540475216051969e-18,200,parameter,0.4516396844230168,0.6823095711316404
9.889476075320645e-08,step-000016,0.9601381976613672,u_statistic,0.05176017340272665,9,1.1694093345758462e-14,8,1,4096,0.0040183497653385036,,,200,layer,0.9833333333333333,1.0
9.908426248987857e-08,step-000016,0.9601381976613673,u_statistic,0.05176017340272665,9,2.035311955251237e-14,8,1,4096,0.004026049710748027,,,200,module,1.0,1.0
1.1139185992666926e-12,step-000016,0.007064415220717012,double,0.06768077053129673,14067712,2.83418271049057e-21,8,1,4096,0.07074713651365218,3.841590960683883e-18,3.8580470130385834e-18,200,parameter,0.4383308432230521,0.6580270292556292
2.1740700688717067e-07,step-000016,0.960755318329627,double,0.06768077053129673,9,1.6674607911035147e-13,8,1,4096,0.008833808671504203,,,200,layer,0.9,1.0
2.1740700688716762e-07,step-000016,0.9607497495675311,double,0.06768077053129673,9,1.7778261612108544e-13,8,1,4096,0.008833808671504077,,,200,module,1.0,1.0
5.038719287275367e-12,step-000016,0.0056238595196628,raw,0.034223091788589954,14067712,3.430003588851174e-20,16,1,4096,0.3200188608983769,1.6042946989827235e-18,1.577884083511769e-18,200,parameter,0.728230490310237,0.6021970866636527
7.871313871285104e-06,step-000016,0.8850905656541176,raw,0.034223091788589954,9,2.5132155795662844e-10,16,1,4096,0.319831829377864,,,200,layer,0.65,1.0
7.871313871285077e-06,step-000016,0.8850905656541183,raw,0.034223091788589954,9,2.6141521613469255e-10,16,1,4096,0.3198318293778628,,,200,module,0.9833333333333333,1.0
9.604082651498369e-13,step-000016,0.006878481688262462,u_statistic,0.05185062065720558,14067712,1.0825086984469923e-20,16,1,4096,0.06099739665728286,1.3672248100707616e-18,1.363215802096772e-18,200,parameter,0.543356446379277,0.7277583005632754
2.059774702628857e-07,step-000016,0.9559532893347491,u_statistic,0.05185062065720558,9,2.1417789922525352e-13,16,1,4096,0.008369397053918747,,,200,layer,0.8833333333333333,1.0
2.0597747026288907e-07,step-000016,0.9559532893347489,u_statistic,0.05185062065720558,9,2.1609843208951846e-13,16,1,4096,0.008369397053918882,,,200,module,1.0,1.0
1.0392804209339683e-12,step-000016,0.006856260967102784,double,0.06778214406222105,14067712,1.062478367275321e-20,16,1,4096,0.06600672065641472,1.4255525914766128e-18,1.4220379977928224e-18,200,parameter,0.5187112565006516,0.7059651457379021
2.327200614213804e-07,step-000016,0.9559764889066594,double,0.06778214406222105,9,2.921222731695609e-13,16,1,4096,0.009456017660387998,,,200,layer,0.8833333333333333,1.0
2.3272006142138454e-07,step-000016,0.9559764889066593,double,0.06778214406222105,9,2.9420729432080296e-13,16,1,4096,0.009456017660388165,,,200,module,1.0,1.0
2.731749185793179e-12,step-000016,0.006535894579148187,raw,0.03438371606171131,14067712,1.8057474276126333e-20,32,1,4096,0.17349870331242884,8.468927666822287e-19,8.33000293875479e-19,200,parameter,0.7716612264310914,0.6360888615923547
4.185806268066307e-06,step-000016,0.9146060715174961,raw,0.03438371606171131,9,7.166108898039502e-11,32,1,4096,0.1700801286835746,,,200,layer,0.7166666666666667,1.0
4.185806268066295e-06,step-000016,0.9146060715174966,raw,0.03438371606171131,9,7.439955558437651e-11,32,1,4096,0.17008012868357414,,,200,module,0.9833333333333333,1.0
7.116611286251495e-13,step-000016,0.007341345047706766,u_statistic,0.051870597526431084,14067712,6.121850028747529e-21,32,1,4096,0.045198982269842675,7.63977416197296e-19,7.616638855965276e-19,200,parameter,0.6106730190862062,0.8028465167063319
1.6502247065458374e-07,step-000016,0.9575590339395245,u_statistic,0.051870597526431084,9,2.102360747677507e-13,32,1,4096,0.006705289554066963,,,200,layer,1.0,1.0
1.6502247065458546e-07,step-000016,0.9575590339395245,u_statistic,0.051870597526431084,9,2.103689350631393e-13,32,1,4096,0.0067052895540670315,,,200,module,1.0,1.0
7.689308170442908e-13,step-000016,0.007349756620653998,double,0.06773918680846691,14067712,6.6993601986189245e-21,32,1,4096,0.04883629155559352,7.724467264477491e-19,7.695953429639559e-19,200,parameter,0.5811889953840532,0.7684642571788464
1.918829838468581e-07,step-000016,0.958125511867524,double,0.06773918680846691,9,2.786525543457234e-13,32,1,4096,0.007796701637588767,,,200,layer,1.0,1.0
1.8556109317917126e-07,step-000016,0.9581255118675241,double,0.06773918680846691,9,2.7846781877077996e-13,32,1,4096,0.007539826878122082,,,200,module,1.0,1.0
1.2780369172581585e-11,step-000020,0.004524412213595045,raw,0.033972932025790215,14067712,3.066221551128766e-19,4,1,4096,1.3141280659458225,1.0868003429089218e-17,1.0614453541684771e-17,200,parameter,0.6857087036540211,0.5522657545074824
1.9975834131050524e-05,step-000020,0.788148512861166,raw,0.033972932025790215,9,1.6322192394385473e-09,4,1,4096,1.3140692589565652,,,200,layer,0.03333333333333333,1.0
1.99758341310506e-05,step-000020,0.7881485128611643,raw,0.033972932025790215,9,1.6884871588480765e-09,4,1,4096,1.31406925895657,,,200,module,0.8166666666666667,1.0
1.602274714709888e-12,step-000020,0.007537978646388354,u_statistic,0.05163401644676924,14067712,3.0380673213060794e-20,4,1,4096,0.16475221830624773,3.753614941111826e-18,3.741943987837956e-18,200,parameter,0.3945749152191362,0.5758914735294703
4.3664675152965325e-07,step-000020,0.9598859503127048,u_statistic,0.05163401644676924,9,1.0635297245821567e-12,4,1,4096,0.028723910573349744,,,200,layer,0.8166666666666667,1.0
4.27128676193478e-07,step-000020,0.9615670528654604,u_statistic,0.05163401644676924,9,1.059800180798066e-12,4,1,4096,0.028097783517946385,,,200,module,0.9666666666666667,1.0
1.8631768029068224e-12,step-000020,0.00765525988286845,double,0.06754036620259285,14067712,4.4212311038245197e-20,4,1,4096,0.1915792020915845,4.607219991876804e-18,4.5859373676769446e-18,200,parameter,0.3905632775053428,0.5632369708808534
7.649844729885443e-07,step-000020,0.9587886286593565,double,0.06754036620259285,9,3.649062749184569e-12,4,1,4096,0.050322933847892805,,,200,layer,0.7833333333333333,1.0
7.22635865620993e-07,step-000020,0.9620723048109541,double,0.06754036620259285,9,3.6288762795749595e-12,4,1,4096,0.04753711760931985,,,200,module,0.9666666666666667,1.0
6.217535501389682e-12,step-000020,0.004671084357829457,raw,0.03415879886597395,14067712,3.880893991599504e-20,8,1,4096,0.639311571759572,1.5497177438475665e-18,1.5185013104839925e-18,200,parameter,0.6868271701181877,0.5678233573031024
9.716371839809077e-06,step-000020,0.8404810085133158,raw,0.03415879886597395,9,3.852309162290941e-10,8,1,4096,0.6391715840009774,,,200,layer,0.45,1.0
9.716371839809131e-06,step-000020,0.8404810085133138,raw,0.03415879886597395,9,3.9972407130600236e-10,8,1,4096,0.639171584000981,,,200,module,0.9500000000000001,1.0
6.464092451686556e-13,step-000020,0.0066756037324666034,u_statistic,0.05181169789284468,14067712,1.7309904135533243e-21,8,1,4096,0.06646635317744862,9.887490389257214e-19,9.91977938203182e-19,200,parameter,0.4450052620987592,0.6580256075611399
8.286025785315516e-08,step-000020,0.9552688606055372,u_statistic,0.05181169789284468,9,3.000791685993786e-14,8,1,4096,0.005450792038005339,,,200,layer,0.9833333333333333,1.0
8.286025785315657e-08,step-000020,0.9552688606055374,u_statistic,0.05181169789284468,9,3.0402362609725455e-14,8,1,4096,0.0054507920380054324,,,200,module,1.0,1.0
7.646352908396047e-13,step-000020,0.006575575875580411,double,0.0676844920963049,14067712,2.1430475735362976e-21,8,1,4096,0.0786228224189865,1.1084528303926283e-18,1.1118691284613977e-18,200,parameter,0.43767282431738513,0.6444981844961373
2.010058273539255e-07,step-000020,0.9517127381473532,double,0.0676844920963049,9,1.3376459599027549e-13,8,1,4096,0.013222755899156703,,,200,layer,0.8166666666666667,1.0
2.0100582735392377e-07,step-000020,0.9517127381473532,double,0.0676844920963049,9,1.4266874692072326e-13,8,1,4096,0.01322275589915659,,,200,module,1.0,1.0
3.0334899177262707e-12,step-000020,0.005671865171635431,raw,0.03421803843230009,14067712,1.256283568360486e-20,16,1,4096,0.3119154215983059,5.715482013062758e-19,5.617943373092191e-19,200,parameter,0.7207444454439402,0.5879659248264821
4.7136881886258695e-06,step-000020,0.8878216703888646,raw,0.03421803843230009,9,9.2602395456133e-11,16,1,4096,0.3100803052500198,,,200,layer,0.5,1.0
4.71368818862585e-06,step-000020,0.8878216703888657,raw,0.03421803843230009,9,9.58733833588298e-11,16,1,4096,0.3100803052500185,,,200,module,0.9833333333333333,1.0
5.561224491110162e-13,step-000020,0.00689156931249871,u_statistic,0.05182887893170118,14067712,2.7223499727178518e-21,16,1,4096,0.05718270799619568,4.859901491567588e-19,4.85696280586976e-19,200,parameter,0.5021710998787662,0.6954175943223209
4.489790599473133e-08,step-000020,0.958186595643607,u_statistic,0.05182887893170118,9,3.1810947634183904e-15,16,1,4096,0.002953516617736121,,,200,layer,0.9666666666666667,1.0
4.4897905994732176e-08,step-000020,0.9581862913492567,u_statistic,0.05182887893170118,9,5.022210765482114e-15,16,1,4096,0.002953516617736177,,,200,module,1.0,1.0
6.051668414729298e-13,step-000020,0.006845129675989465,double,0.06763819977641106,14067712,2.9730632600147956e-21,16,1,4096,0.062225646240759006,4.963607167270824e-19,4.958669884091144e-19,200,parameter,0.4726655917624688,0.6740040319255715
6.743019569373329e-08,step-000020,0.9601190464261824,double,0.06763819977641106,9,7.76193263108313e-15,16,1,4096,0.004435757060518824,,,200,layer,0.8166666666666667,1.0
6.743019569373423e-08,step-000020,0.9600760505728896,double,0.06763819977641106,9,1.4767875206188012e-14,16,1,4096,0.004435757060518886,,,200,module,1.0,1.0
1.668794699103055e-12,step-000020,0.00645333399301504,raw,0.03429010882973671,14067712,9.35008657059984e-21,32,1,4096,0.17159206598646,3.424247497467318e-19,3.3474840520214297e-19,200,parameter,0.7644132201863258,0.6194251804841154
2.5838984768493097e-06,step-000020,0.9142815777649518,raw,0.03429010882973671,9,2.7889301481533452e-11,32,1,4096,0.16997645927658717,,,200,layer,0.5333333333333333,1.0
2.583898476849298e-06,step-000020,0.9142815777649523,raw,0.03429010882973671,9,2.8840057447347254e-11,32,1,4096,0.16997645927658642,,,200,module,0.9833333333333333,1.0
4.5400374694425727e-13,step-000020,0.007203541927985655,u_statistic,0.05181179195642471,14067712,3.661888364647864e-21,32,1,4096,0.0466824594694786,3.038654593416202e-19,3.0171213163514947e-19,200,parameter,0.597837716165084,0.7770143278370625
1.3526208170945906e-07,step-000020,0.9551057755214298,u_statistic,0.05181179195642471,9,1.1896003121519207e-13,32,1,4096,0.008897938494622639,,,200,layer,0.9833333333333333,1.0
1.3526208170945813e-07,step-000020,0.9551057755214298,u_statistic,0.05181179195642471,9,1.1937364002386121e-13,32,1,4096,0.008897938494622577,,,200,module,1.0,1.0
4.866478510087279e-13,step-000020,0.007192332568499473,double,0.06769872549921274,14067712,3.7126161637014594e-21,32,1,4096,0.050039055257870176,3.107015828517541e-19,3.0853162481211316e-19,200,parameter,0.5741104916696097,0.7415003994961514
1.4352421967235735e-07,step-000020,0.9543879739538788,double,0.06769872549921274,9,1.1338437209928249e-13,32,1,4096,0.009441446287042004,,,200,layer,0.9833333333333333,1.0
1.435242196723557e-07,step-000020,0.954387973953879,double,0.06769872549921274,9,1.1474263395885697e-13,32,1,4096,0.009441446287041895,,,200,module,1.0,1.0
3.403741109684221e-12,step-000026,0.0038144968131975346,raw,0.03412326145917177,14067712,1.1189957077731067e-20,4,1,4096,1.2869244899752459,3.0965170553511845e-19,2.999615562385802e-19,200,parameter,0.6833566961133981,0.5347419482332603
5.320052543505472e-06,step-000026,0.7938014995522025,raw,0.03412326145917177,9,1.179828726419873e-10,4,1,4096,1.2868606108766474,,,200,layer,0.21666666666666667,1.0
5.320052543505462e-06,step-000026,0.7938014995522034,raw,0.03412326145917177,9,1.222206626222304e-10,4,1,4096,1.286860610876645,,,200,module,0.8333333333333333,1.0
3.2943442459159524e-13,step-000026,0.006675167513564663,u_statistic,0.05171570833772421,14067712,5.2733655550498e-22,4,1,4096,0.1245562500748359,1.5435041988702166e-19,1.5459606364976535e-19,200,parameter,0.4043127128375554,0.5762312585123958
5.213487683575911e-08,step-000026,0.9535254747242123,u_statistic,0.05171570833772421,9,1.431272116095938e-14,4,1,4096,0.012610837750981459,,,200,layer,0.9333333333333332,1.0
5.210442873198675e-08,step-000026,0.9535254747242123,u_statistic,0.05171570833772421,9,1.450820373723246e-14,4,1,4096,0.012603472698644078,,,200,module,0.9833333333333333,1.0
3.565727379344173e-13,step-000026,0.00674361071973909,double,0.06761000491678715,14067712,4.670592535994627e-22,4,1,4096,0.13481700696910504,1.6760822815948522e-19,1.679810742772723e-19,200,parameter,0.397395181497078,0.5618152763916257
7.273330874555414e-08,step-000026,0.9537848018769821,double,0.06761000491678715,9,3.23384128658471e-14,4,1,4096,0.017593365734262192,,,200,layer,0.9666666666666667,1.0
7.234756094328534e-08,step-000026,0.9537769871824524,double,0.06761000491678715,9,3.24383155493393e-14,4,1,4096,0.017500057698596652,,,200,module,0.9833333333333333,1.0
1.7205871903883596e-12,step-000026,0.005100636914982345,raw,0.03411085344851017,14067712,3.420687359270942e-21,8,1,4096,0.6505388397926384,1.1303271918616787e-19,1.10162846057183e-19,200,parameter,0.6791516759681903,0.5528898783882534
2.6885188476310243e-06,step-000026,0.8401057243871494,raw,0.03411085344851017,9,2.968215684608238e-11,8,1,4096,0.650322337669273,,,200,layer,0.6333333333333333,1.0
2.6885188476310383e-06,step-000026,0.8401057243871475,raw,0.03411085344851017,9,3.074563096596577e-11,8,1,4096,0.6503223376692764,,,200,module,0.9333333333333332,1.0
2.1188727854963339e-13,step-000026,0.007325021017503722,u_statistic,0.05176009237766266,14067712,3.1330399133338223e-22,8,1,4096,0.08011271101198049,7.564443927804123e-20,7.570968370523405e-20,200,parameter,0.41842118781272086,0.6196554949913703
3.9421292324406465e-08,step-000026,0.9578626278322225,u_statistic,0.05176009237766266,9,9.154981746474475e-15,8,1,4096,0.009535565280095136,,,200,layer,0.6166666666666666,1.0
3.878338191215257e-08,step-000026,0.9578473741604094,u_statistic,0.05176009237766266,9,9.164948837480543e-15,8,1,4096,0.009381261957696611,,,200,module,1.0,1.0
2.369782727864166e-13,step-000026,0.007263463341589275,double,0.06772206164896488,14067712,3.600387066049274e-22,8,1,4096,0.0895993946111746,8.327656117315815e-20,8.333318840859603e-20,200,parameter,0.4064085601487079,0.5998356521170453
7.122373907953231e-08,step-000026,0.9585108600815642,double,0.06772206164896488,9,3.137680178790208e-14,8,1,4096,0.017228217885309243,,,200,layer,0.5833333333333334,1.0
6.695694042160791e-08,step-000026,0.9584609980360339,double,0.06772206164896488,9,3.124561242398997e-14,8,1,4096,0.016196127490990263,,,200,module,1.0,1.0
9.26039756480414e-13,step-000026,0.00611826162831294,raw,0.034237743355333805,14067712,1.7506273262728847e-21,16,1,4096,0.350127463547285,4.643746739727389e-20,4.491139705628251e-20,200,parameter,0.7124244705967913,0.5684346859334704
1.3105046152815407e-06,step-000026,0.8860167133984209,raw,0.034237743355333805,9,7.112979191400524e-12,16,1,4096,0.31699626197049696,,,200,layer,0.65,1.0
1.3105046152815407e-06,step-000026,0.886016713398421,raw,0.034237743355333805,9,7.370646483362274e-12,16,1,4096,0.31699626197049696,,,200,module,0.9833333333333333,1.0
2.1331852006990962e-13,step-000026,0.007532457797091613,u_statistic,0.0517747662961483,14067712,8.815564343487308e-22,16,1,4096,0.08065385080615355,3.7528484379159824e-20,3.68310833616192e-20,200,parameter,0.47911730331703023,0.6571996030628986
3.240349688139807e-08,step-000026,0.9584420942802039,u_statistic,0.0517747662961483,9,4.17874013227294e-15,16,1,4096,0.00783803984083575,,,200,layer,0.6666666666666667,1.0
3.240349688139817e-08,step-000026,0.9584167559305254,u_statistic,0.0517747662961483,9,4.318570035333105e-15,16,1,4096,0.007838039840835774,,,200,module,1.0,1.0
2.1906051439740053e-13,step-000026,0.007484020647630147,double,0.06770554464310408,14067712,8.073043997512139e-22,16,1,4096,0.08282484821260216,3.871129571203692e-20,3.809446363043802e-20,200,parameter,0.467505387788085,0.6420414964187516
2.3789463597380072e-08,step-000026,0.9569369933458364,double,0.06770554464310408,9,3.247394122140184e-15,16,1,4096,0.005754402500164103,,,200,layer,0.9833333333333333,1.0
2.3789463597380022e-08,step-000026,0.9569369933458363,double,0.06770554464310408,9,3.2713875661570544e-15,16,1,4096,0.005754402500164091,,,200,module,1.0,1.0
4.373719977611937e-13,step-000026,0.006386275611314232,raw,0.034225983545184135,14067712,2.4617449217896215e-22,32,1,4096,0.1653664943984232,1.976724353828425e-20,1.9619164870457528e-20,200,parameter,0.7579184828173752,0.5918158735033111
6.657218963048434e-07,step-000026,0.9145139371041583,raw,0.034225983545184135,9,1.7959691025199605e-12,32,1,4096,0.1610306062105775,,,200,layer,0.65,1.0
6.657218963048451e-07,step-000026,0.9145139371041578,raw,0.034225983545184135,9,1.863929138370026e-12,32,1,4096,0.16103060621057794,,,200,module,1.0,1.0
1.022010780091539e-13,step-000026,0.007145676297825945,u_statistic,0.051791680976748466,14067712,9.966161905899979e-23,32,1,4096,0.038641326103692065,1.7753121815694997e-20,1.7742171051895337e-20,200,parameter,0.5753955397580526,0.7367803737919151
1.0192700538871461e-08,step-000026,0.9560182746713449,u_statistic,0.051791680976748466,9,7.055007340663215e-16,32,1,4096,0.0024654991157835675,,,200,layer,1.0,1.0
1.0184846604324936e-08,step-000026,0.9560182746713451,u_statistic,0.051791680976748466,9,7.056572987502366e-16,32,1,4096,0.002463599337740837,,,200,module,1.0,1.0
1.1061793591142568e-13,step-000026,0.007108055882824545,double,0.06770990882068872,14067712,1.0221111055832974e-22,32,1,4096,0.04182366583342555,1.7851833194216853e-20,1.7838816164480994e-20,200,parameter,0.5417678726421982,0.6987230340097755
1.6992868111072217e-08,step-000026,0.956769286945684,double,0.06770990882068872,9,1.5421197623681892e-15,32,1,4096,0.00411038283158607,,,200,layer,0.9500000000000001,1.0
1.699286811107219e-08,step-000026,0.9567692869456841,double,0.06770990882068872,9,1.5679152154594075e-15,32,1,4096,0.004110382831586064,,,200,module,1.0,1.0
3.7920096652645626e-13,step-000030,0.004311858554389382,raw,0.033533673733472824,14067712,1.482802488990908e-22,4,1,4096,1.2574555039153563,4.974524401041695e-21,4.850496635319198e-21,200,parameter,0.6783614330880471,0.5318900290878692
5.926735149218505e-07,step-000030,0.793525346303612,raw,0.033533673733472824,9,1.4513006869327977e-12,4,1,4096,1.2573545318001649,,,200,layer,0.21666666666666667,1.0
5.926735149218521e-07,step-000030,0.793525346303611,raw,0.033533673733472824,9,1.5059242607096758e-12,4,1,4096,1.2573545318001678,,,200,module,0.8333333333333333,1.0
4.1914605861129285e-14,step-000030,0.007305972068222934,u_statistic,0.05135152209550142,14067712,1.6195621646720298e-23,4,1,4096,0.13899160731923577,2.157012928488701e-21,2.15157518275576e-21,200,parameter,0.41205785641041004,0.5627052571418822
4.3170249725124594e-09,step-000030,0.9475437605079116,u_statistic,0.05135152209550142,9,2.964468015710881e-17,4,1,4096,0.009158551506724169,,,200,layer,0.8499999999999999,1.0
4.317024972512378e-09,step-000030,0.9475437605079117,u_statistic,0.05135152209550142,9,6.107504493739262e-17,4,1,4096,0.009158551506723994,,,200,module,0.9833333333333333,1.0
4.4808035924882456e-14,step-000030,0.007246080694184056,double,0.06716521084308624,14067712,1.489710836577404e-23,4,1,4096,0.14858641292373767,2.3942665608958956e-21,2.3913260829448474e-21,200,parameter,0.40936185096039657,0.552975180057607
6.8948721649137865e-09,step-000030,0.9431436133797211,double,0.06716521084308624,9,7.850346995247066e-17,4,1,4096,0.014627444190551168,,,200,layer,0.7833333333333333,1.0
6.8948721649134945e-09,step-000030,0.9431436133797215,double,0.06716521084308624,9,1.4249673312408415e-16,4,1,4096,0.014627444190550542,,,200,module,0.9833333333333333,1.0
1.9678256946916712e-13,step-000030,0.0053215095652689535,raw,0.03413126431405544,14067712,5.572155480579017e-23,8,1,4096,0.652544025191313,1.4483476923975677e-21,1.3996242588862103e-21,200,parameter,0.6779786777718548,0.5442004816700929
3.075676502406913e-07,step-000030,0.8451326419626015,raw,0.03413126431405544,9,4.0269195004279316e-13,8,1,4096,0.6525035607779,,,200,layer,0.6333333333333333,1.0
3.07567650240693e-07,step-000030,0.8451326419625997,raw,0.03413126431405544,9,4.1577922603601154e-13,8,1,4096,0.6525035607779033,,,200,module,0.9833333333333333,1.0
2.6441730771600537e-14,step-000030,0.0075053395441354535,u_statistic,0.05174288712441921,14067712,6.1508747339583735e-24,8,1,4096,0.08768252938901036,9.784161160573015e-22,9.771509963048682e-22,200,parameter,0.4006802508994481,0.6025212330071966
8.097112837019614e-09,step-000030,0.9612702788529192,u_statistic,0.05174288712441921,9,2.978327648205135e-16,8,1,4096,0.01717799304979294,,,200,layer,0.5833333333333334,1.0
8.097112837019654e-09,step-000030,0.9612628488238925,u_statistic,0.05174288712441921,9,3.090945004598022e-16,8,1,4096,0.01717799304979302,,,200,module,0.9333333333333332,1.0
2.9299988310100036e-14,step-000030,0.007415048332247526,double,0.06764735467731953,14067712,5.974899486471003e-24,8,1,4096,0.0971607005717386,1.0495729345725586e-21,1.0488422463176764e-21,200,parameter,0.3824803034665204,0.5772918426013597
8.224118443031179e-09,step-000030,0.9623845965893771,double,0.06764735467731953,9,2.1594552644442158e-16,8,1,4096,0.017447434943621665,,,200,layer,0.5166666666666667,1.0
8.224118443031209e-09,step-000030,0.9626363276982041,double,0.06764735467731953,9,2.3953839351342533e-16,8,1,4096,0.01744743494362172,,,200,module,0.31666666666666665,1.0
1.0006984803046274e-13,step-000030,0.005587622030519076,raw,0.034209475852549076,14067712,1.2827949280148464e-23,16,1,4096,0.3318382395871331,6.666387324491171e-22,6.570962644914261e-22,200,parameter,0.711807456459078,0.5642961332753282
1.5594199307023402e-07,step-000030,0.883599148659629,raw,0.034209475852549076,9,1.0071968335656163e-13,16,1,4096,0.33083032520976224,,,200,layer,0.65,1.0
1.5594199307023519e-07,step-000030,0.8835991486596273,raw,0.034209475852549076,9,1.0428392267278642e-13,16,1,4096,0.3308303252097645,,,200,module,0.9833333333333333,1.0
2.0096944171163463e-14,step-000030,0.006879542835963092,u_statistic,0.05180096719413996,14067712,6.011620553803091e-24,16,1,4096,0.06664279706720108,4.5836126414434415e-22,4.546227573774282e-22,200,parameter,0.4847749413444331,0.6559399817454428
1.3897011347749195e-09,step-000030,0.9567056468073242,u_statistic,0.05180096719413996,9,8.011941737034076e-18,16,1,4096,0.0029482454937900856,,,200,layer,1.0,1.0
1.3897011347749654e-09,step-000030,0.9567056468073242,u_statistic,0.05180096719413996,9,8.314711843562513e-18,16,1,4096,0.002948245493790182,,,200,module,1.0,1.0
2.124123854470435e-14,step-000030,0.006841072116456712,double,0.06769192311912775,14067712,6.076133899779375e-24,16,1,4096,0.07043735294950518,4.823288151724501e-22,4.786459108268035e-22,200,parameter,0.462560113909278,0.6393957229742986
1.525450652699548e-09,step-000030,0.9572682952818834,double,0.06769192311912775,9,5.784831168262085e-18,16,1,4096,0.003236237562365523,,,200,layer,0.8833333333333333,1.0
1.525450652699631e-09,step-000030,0.9572682952818836,double,0.06769192311912775,9,6.8118378369258534e-18,16,1,4096,0.003236237562365698,,,200,module,1.0,1.0
5.229577776559518e-14,step-000030,0.0067205079394454595,raw,0.03427546378225088,14067712,7.354814073611062e-24,32,1,4096,0.1734162604733077,2.735906913435129e-22,2.6757374599990237e-22,200,parameter,0.7569448496289454,0.589118919057246
7.826555834997771e-08,step-000030,0.9165037090332726,raw,0.03427546378225088,9,2.6337905107101723e-14,32,1,4096,0.16604007433703302,,,200,layer,0.6833333333333333,1.0
7.826555834997767e-08,step-000030,0.9165037090332726,raw,0.03427546378225088,9,2.7171179772042635e-14,32,1,4096,0.16604007433703288,,,200,module,1.0,1.0
1.5852473466701666e-14,step-000030,0.007479528497132321,u_statistic,0.051847461611032486,14067712,3.026513833718009e-24,32,1,4096,0.052567851274148605,2.5100431796536956e-22,2.492239237504034e-22,200,parameter,0.5724770636485107,0.7347658327006793
3.889103503061412e-09,step-000030,0.9558452852725287,u_statistic,0.051847461611032486,9,1.1909049065692199e-16,32,1,4096,0.008250717791664693,,,200,layer,1.0,1.0
3.859012061964957e-09,step-000030,0.9558452852725289,u_statistic,0.051847461611032486,9,1.1908675917039521e-16,32,1,4096,0.008186878917683603,,,200,module,1.0,1.0
1.6624206280344015e-14,step-000030,0.007475717551934345,double,0.06775004509836435,14067712,3.084248258365188e-24,32,1,4096,0.05512696836437088,2.578642310771439e-22,2.560602842399785e-22,200,parameter,0.5411879038760494,0.6940058516945177
4.235221548937363e-09,step-000030,0.9562956947727311,double,0.06775004509836435,9,1.335373955813158e-16,32,1,4096,0.008985005865221227,,,200,layer,1.0,1.0
4.172431317730087e-09,step-000030,0.9562956947727311,double,0.06775004509836435,9,1.335426730932504e-16,32,1,4096,0.008851796636575907,,,200,module,1.0,1.0
